item_key,item_name,category_key,count_date,qty_counted,unit,source_sheet
1883 ROUTINE GREEN APPLE,1883 ROUTINE GREEN APPLE,beverage_main,2026-02-05,0.0,ml,5 Februari 2026
MINERAL WATER 600ML,MINERAL WATER 600ML,beverage_main,2026-02-05,120.0,pcs,5 Februari 2026
ADONAN WAFFLE,ADONAN WAFFLE,food_main,2026-02-05,1273.0,g,5 Februari 2026
APEL BUAH,APEL BUAH,food_main,2026-02-05,0.0,g,5 Februari 2026
APPLE CINNAMON,APPLE CINNAMON,food_main,2026-02-05,812.0,g,5 Februari 2026
APPLE SYRUP MONIN,Apple Syrup Monin,beverage_main,2026-02-05,5410.0,ml,5 Februari 2026
AW 250 ML,AW 250 ML,beverage_main,2026-02-05,8.0,pcs,5 Februari 2026
BORA 250ML,BORA 250ml,beverage_main,2026-02-05,11.0,pcs,5 Februari 2026
BACON,BACON,food_main,2026-02-05,2089.0,g,5 Februari 2026
BAKING POWDER HERCULES,BAKING POWDER HERCULES,food_main,2026-02-05,1255.0,g,5 Februari 2026
BAKING POWDER KOEPOE,BAKING POWDER KOEPOE,food_main,2026-02-05,1000.0,g,5 Februari 2026
BAKING SODA KOEPOE,Baking Soda Koepoe,food_main,2026-02-05,646.0,g,5 Februari 2026
CREAM CHEESE,CREAM CHEESE,sauce,2026-02-05,4241.0,g,5 Februari 2026
BAWANG BOMBAY,BAWANG BOMBAY,food_main,2026-02-05,3181.0,g,5 Februari 2026
BAWANG BOMBAY MERAH,BAWANG BOMBAY MERAH,beverage_main,2026-02-05,0.0,g,5 Februari 2026
BAWANG MERAH,Bawang Merah,food_main,2026-02-05,0.0,g,5 Februari 2026
BAWANG PUTIH,BAWANG PUTIH,food_main,2026-02-05,319.0,g,5 Februari 2026
BAYLEAF,BAYLEAF,food_main,2026-02-05,74.0,g,5 Februari 2026
BBQ,BBQ,sauce,2026-02-05,2343.0,g,5 Februari 2026
BERAS,BERAS,beverage_main,2026-02-05,1220.0,g,5 Februari 2026
BIG MAC,BIG MAC,sauce,2026-02-05,2804.0,g,5 Februari 2026
BLACK PAPER POWDER,BLACK PAPER POWDER,food_main,2026-02-05,2226.0,g,5 Februari 2026
BLACK TEA,BLACK TEA,beverage_main,2026-02-05,2603.0,g,5 Februari 2026
BOX CHICKEN WAFFLE (L),BOX CHICKEN WAFFLE (L),condiment,2026-02-05,2362.0,pcs,5 Februari 2026
BOX SANDWHICH (M),BOX SANDWHICH (M),condiment,2026-02-05,617.0,pcs,5 Februari 2026
BOX NASI,BOX NASI,condiment,2026-02-05,476.0,pcs,5 Februari 2026
BROWN SUGAR,Brown Sugar,food_main,2026-02-05,589.0,g,5 Februari 2026
BROWN TOAST,Brown Toast,food_main,2026-02-05,43.0,pcs,5 Februari 2026
BUFFALO,BUFFALO,sauce,2026-02-05,2254.0,g,5 Februari 2026
BUMBU NASHVILLE KERING,BUMBU NASHVILLE KERING,beverage_main,2026-02-05,687.0,g,5 Februari 2026
BUMBU TEPUNG AYAM,BUMBU TEPUNG AYAM,beverage_main,2026-02-05,679.0,g,5 Februari 2026
BURGER BUN,BURGER BUN,food_main,2026-02-05,1.0,pcs,5 Februari 2026
CABAI TEROPONG HIJAU,CABAI TEROPONG HIJAU,food_main,2026-02-05,310.0,g,5 Februari 2026
CABAI RAWIT,CABAI RAWIT,food_main,2026-02-05,126.0,g,5 Februari 2026
CARAMEL SAUCE,CARAMEL SAUCE,beverage_main,2026-02-05,208.0,ml,5 Februari 2026
CAYENNE POWDER,CAYENNE POWDER,food_main,2026-02-05,838.0,g,5 Februari 2026
CHEDDAR BLOCK,CHEDDAR BLOCK,food_main,2026-02-05,0.0,g,5 Februari 2026
CHILLI POWDER YUTAKACHI,CHILLI POWDER YUTAKACHI,food_main,2026-02-05,0.0,g,5 Februari 2026
CHIPOTLE KALENG,Chipotle kaleng,food_main,2026-02-05,1603.0,g,5 Februari 2026
CHIPOTLE DRESSING,Chipotle dressing,sauce,2026-02-05,1517.0,g,5 Februari 2026
CINNAMON POWDER,CINNAMON POWDER,food_main,2026-02-05,378.0,g,5 Februari 2026
COKLAT POWDER,COKLAT POWDER,food_main,2026-02-05,320.0,g,5 Februari 2026
COLA 250 ML,COLA 250 ML,beverage_main,2026-02-05,140.0,pcs,5 Februari 2026
COLATTA CHOCOCHIPS,COLATTA CHOCOCHIPS,food_main,2026-02-05,702.0,g,5 Februari 2026
COLESLAW,COLESLAW,beverage_main,2026-02-05,641.0,g,5 Februari 2026
CUKA,CUKA,food_main,2026-02-05,650.0,pcs,5 Februari 2026
CUP 14 OZ,CUP 14 OZ,condiment,2026-02-05,641.0,pcs,5 Februari 2026
CUP ICE CREAM LAR,CUP ICE CREAM Lar,condiment,2026-02-05,838.0,pcs,5 Februari 2026
CUP SAOS PLASTIK 35 ML,CUP SAOS PLASTIK 35 ML,condiment,2026-02-05,286.0,pcs,5 Februari 2026
CUP SAOS PLASTIK 60 ML,CUP SAOS PLASTIK 60 ML,condiment,2026-02-05,113.0,pcs,5 Februari 2026
CUP SAOS STAINLESS,CUP SAOS STAINLESS,condiment,2026-02-05,0.0,pcs,5 Februari 2026
CURRY HIJAU,CURRY HIJAU,sauce,2026-02-05,1429.0,g,5 Februari 2026
CREAMER,CREAMER,condiment,2026-02-05,477.0,g,5 Februari 2026
CREAMY BUTTERMILK SAUCE,CREAMY BUTTERMILK SAUCE,sauce,2026-02-05,916.0,ml,5 Februari 2026
CREAMY LEMON GARLIC,CREAMY LEMON GARLIC,sauce,2026-02-05,840.0,pcs,5 Februari 2026
CHICKEN SANDWICH,CHICKEN SANDWICH,sauce,2026-02-05,147.0,g,5 Februari 2026
DADA AYAM,DADA AYAM,food_main,2026-02-05,15881.0,g,5 Februari 2026
DAUN JERUK,DAUN JERUK,food_main,2026-02-05,0.0,g,5 Februari 2026
DAUN KETUMBAR,Daun Ketumbar,food_main,2026-02-05,0.0,g,5 Februari 2026
DELIVERY BAG IDOLA 15,DELIVERY BAG IDOLA 15,condiment,2026-02-05,200.0,pcs,5 Februari 2026
DELIVERY BAG IDOLA 30,DELIVERY BAG IDOLA 30,condiment,2026-02-05,150.0,pcs,5 Februari 2026
DELIVERY BAG IDOLA 24,DELIVERY BAG IDOLA 24,condiment,2026-02-05,100.0,pcs,5 Februari 2026
DELIVERY BAG PARTY 20,DELIVERY BAG PARTY 20,condiment,2026-02-05,0.0,pcs,5 Februari 2026
DELIVERY BAG PARTY 28,DELIVERY BAG PARTY 28,condiment,2026-02-05,125.0,pcs,5 Februari 2026
DIAMOND ICE CREAM VANILLA,DIAMOND ICE CREAM VANILLA,beverage_main,2026-02-05,3164.0,ml,5 Februari 2026
DIAMOND SOFT MIX CHOCOLATE,DIAMOND SOFT MIX CHOCOLATE,beverage_main,2026-02-05,0.0,ml,5 Februari 2026
DIAMOND SOFT MIX VANILLA,DIAMOND SOFT MIX VANILLA,beverage_main,2026-02-05,0.0,ml,5 Februari 2026
DIAMOND UHT,DIAMOND UHT,food_main,2026-02-05,7390.0,pcs,5 Februari 2026
DIAMOND UHT COKLAT,DIAMOND UHT COKLAT,food_main,2026-02-05,522.0,ml,5 Februari 2026
EMAKU KOREAN SPICY,EMAKU KOREAN SPICY,food_main,2026-02-05,0.0,g,5 Februari 2026
ES BATU,Es Batu,beverage_main,2026-02-05,10000.0,g,5 Februari 2026
FF CRISSCUT,FF CRISSCUT,food_main,2026-02-05,737.0,g,5 Februari 2026
FF STRAIGH CUT,FF STRAIGH CUT,food_main,2026-02-05,23462.0,g,5 Februari 2026
FLOOR CLEANER,FLOOR CLEANER,condiment,2026-02-05,4880.0,ml,5 Februari 2026
GALON,GALON,beverage_main,2026-02-05,36000.0,ml,5 Februari 2026
GARAM,GARAM,food_main,2026-02-05,1623.0,g,5 Februari 2026
GARAM MASALA,Garam Masala,food_main,2026-02-05,388.0,g,5 Februari 2026
GARLIC PARMESAN,GARLIC PARMESAN,sauce,2026-02-05,715.0,g,5 Februari 2026
GARLIC POWDER,GARLIC POWDER,food_main,2026-02-05,256.0,g,5 Februari 2026
GARPU STAINLESS,GARPU STAINLESS,condiment,2026-02-05,5.0,pcs,5 Februari 2026
GAS 50 KG,GAS 50 KG,condiment,2026-02-05,2.0,pcs,5 Februari 2026
GINGER POWDER,GINGER POWDER,food_main,2026-02-05,220.0,g,5 Februari 2026
GLASS CLEANER,GLASS CLEANER,condiment,2026-02-05,0.0,ml,5 Februari 2026
GULA CAIR,GULA CAIR,food_main,2026-02-05,8435.0,g,5 Februari 2026
GULA PASIR,GULA PASIR,food_main,2026-02-05,2590.0,g,5 Februari 2026
HAND SOAP,HAND SOAP,condiment,2026-02-05,0.0,ml,5 Februari 2026
KIKKOMAN KOREAN CHILLI GOCHUJANG,KIKKOMAN KOREAN CHILLI GOCHUJANG,food_main,2026-02-05,300.0,g,5 Februari 2026
HONEY CHILI,HONEY CHILI,sauce,2026-02-05,1202.0,g,5 Februari 2026
HORLIC POWDER,HORLIC POWDER,beverage_main,2026-02-05,0.0,g,5 Februari 2026
HOT SPICY,HOT SPICY,sauce,2026-02-05,3494.0,g,5 Februari 2026
HOT CREAMY GARLIC,HOT CREAMY GARLIC,sauce,2026-02-05,1432.0,g,5 Februari 2026
JINTEN POWDER,JINTEN POWDER,food_main,2026-02-05,1877.0,g,5 Februari 2026
KECAP INGGRIS,KECAP INGGRIS,food_main,2026-02-05,30.0,g,5 Februari 2026
KEJU SLICE,KEJU SLICE,food_main,2026-02-05,64.0,pcs,5 Februari 2026
KETUMBAR POWDER,KETUMBAR POWDER,food_main,2026-02-05,288.0,g,5 Februari 2026
KNORR BEEF POWDER,KNORR BEEF POWDER,food_main,2026-02-05,898.0,g,5 Februari 2026
KNORR CHEESE,Knorr cheese,food_main,2026-02-05,195.0,g,5 Februari 2026
KUNYIT POWDER,Kunyit Powder,food_main,2026-02-05,136.0,g,5 Februari 2026
LAROME VANILLA POWDER,LAROME VANILLA POWDER,food_main,2026-02-05,250.0,g,5 Februari 2026
LADA PUTIH,LADA PUTIH,food_main,2026-02-05,0.0,g,5 Februari 2026
LEMON,Lemon,food_main,2026-02-05,1826.0,g,5 Februari 2026
LETTUCE,LETTUCE,food_main,2026-02-05,840.0,g,5 Februari 2026
LID CUP 14 OZ,LID CUP 14 OZ,condiment,2026-02-05,1515.0,pcs,5 Februari 2026
LID ICE CREAM LAR,LID ICE CREAM Lar,condiment,2026-02-05,1921.0,pcs,5 Februari 2026
LIQUID SMOKE,LIQUID SMOKE,food_main,2026-02-05,2537.0,ml,5 Februari 2026
LOTUS BISCOFF,LOTUS BISCOFF,beverage_main,2026-02-05,1179.0,pcs,5 Februari 2026
MADU,MADU,food_main,2026-02-05,0.0,g,5 Februari 2026
MAIZENA,MAIZENA,food_main,2026-02-05,2250.0,g,5 Februari 2026
MAKARONI,MAKARONI,food_main,2026-02-05,2500.0,g,5 Februari 2026
HOT LAVA SAUCE,HOT LAVA SAUCE,food_main,2026-02-05,18600.0,g,5 Februari 2026
MANGKOK ENAMEL,MANGKOK ENAMEL,condiment,2026-02-05,0.0,pcs,5 Februari 2026
MAPPLE SYRUP,MAPPLE SYRUP,food_main,2026-02-05,11480.0,ml,5 Februari 2026
MARINASI BUTTERMILK,MARINASI BUTTERMILK,marinade,2026-02-05,0.0,g,5 Februari 2026
MARINASI NASVILE,MARINASI NASVILE,marinade,2026-02-05,0.0,g,5 Februari 2026
MAYONAISE KEWPIE,Mayonaise Kewpie,food_main,2026-02-05,2309.0,g,5 Februari 2026
MC LEWIS MAYONAISE,MC Lewis Mayonaise,food_main,2026-02-05,4726.0,g,5 Februari 2026
MICIN,MICIN,food_main,2026-02-05,1951.0,g,5 Februari 2026
MINYAK GORENG,MINYAK GORENG,food_main,2026-02-05,22000.0,pcs,5 Februari 2026
YELLOW MUSTARD,YELLOW MUSTARD,food_main,2026-02-05,7187.0,g,5 Februari 2026
NUTELLA,NUTELLA,beverage_main,2026-02-05,1695.0,g,5 Februari 2026
OAT,OAT,food_main,2026-02-05,2000.0,g,5 Februari 2026
ONION POWDER,ONION POWDER,food_main,2026-02-05,702.0,g,5 Februari 2026
PAHA ATAS,PAHA ATAS,food_main,2026-02-05,56.0,pcs,5 Februari 2026
PAHA BAWAH,PAHA BAWAH,food_main,2026-02-05,77.0,pcs,5 Februari 2026
PALA POWDER,PALA POWDER,food_main,2026-02-05,377.0,g,5 Februari 2026
PAPER BAG MERAH,PAPER BAG MERAH,condiment,2026-02-05,825.0,pcs,5 Februari 2026
PAPER BAG PUTIH,PAPER BAG PUTIH,condiment,2026-02-05,500.0,pcs,5 Februari 2026
PAPER TRAY (L),PAPER TRAY (L),condiment,2026-02-05,12.0,pcs,5 Februari 2026
TRAY MELAMIN,TRAY MELAMIN,condiment,2026-02-05,0.0,pcs,5 Februari 2026
PAPER WRAP,PAPER WRAP,condiment,2026-02-05,3892.0,pcs,5 Februari 2026
PAPRIKA POWDER,PAPRIKA POWDER,food_main,2026-02-05,1844.0,g,5 Februari 2026
PARMESAN POWDER,PARMESAN POWDER,food_main,2026-02-05,1291.0,g,5 Februari 2026
PARSLEY KERING,PARSLEY KERING,food_main,2026-02-05,175.0,g,5 Februari 2026
PEACH BUAH KALENG,PEACH BUAH KALENG,beverage_main,2026-02-05,2108.0,g,5 Februari 2026
MONIN PEACH SYRUP,MONIN PEACH SYRUP,beverage_main,2026-02-05,6600.0,ml,5 Februari 2026
PEANUT DRESSING,PEANUT DRESSING,sauce,2026-02-05,281.0,g,5 Februari 2026
PERISA RED PASTA,PERISA RED PASTA,food_main,2026-02-05,399.0,g,5 Februari 2026
PEWARNA KUNING,PEWARNA KUNING,food_main,2026-02-05,218.0,ml,5 Februari 2026
PICKLES,PICKLES,food_main,2026-02-05,720.0,g,5 Februari 2026
PIRING ENAMEL,PIRING ENAMEL,condiment,2026-02-05,0.0,pcs,5 Februari 2026
PISANG,PISANG,beverage_main,2026-02-05,3.0,pcs,5 Februari 2026
PISAU STAINLESS,PISAU STAINLESS,condiment,2026-02-05,8.0,pcs,5 Februari 2026
RAISING CANE,RAISING CANE,sauce,2026-02-05,1959.0,g,5 Februari 2026
RED VELVET POWDER,RED VELVET POWDER,food_main,2026-02-05,582.0,g,5 Februari 2026
ROSEMARY POWDER,ROSEMARY POWDER,food_main,2026-02-05,280.0,g,5 Februari 2026
ROYCO AYAM,ROYCO AYAM,food_main,2026-02-05,1475.0,g,5 Februari 2026
RUSSIAN DRESSING,Russian dressing,sauce,2026-02-05,433.0,g,5 Februari 2026
SABUN CUCI PIRING,SABUN CUCI PIRING,condiment,2026-02-05,5000.0,ml,5 Februari 2026
SALTED CARAMEL SYRUP,SALTED CARAMEL SYRUP,beverage_main,2026-02-05,148.0,ml,5 Februari 2026
SAOS SAMBAL,SAOS SAMBAL,food_main,2026-02-05,1900.0,g,5 Februari 2026
SAOS TOMAT,SAOS TOMAT,food_main,2026-02-05,1244.0,g,5 Februari 2026
SAUS TIRAM,SAUS TIRAM,food_main,2026-02-05,570.0,g,5 Februari 2026
SAYAP AYAM,SAYAP AYAM,food_main,2026-02-05,504.0,pcs,5 Februari 2026
SEDOTAN BESAR,SEDOTAN BESAR,condiment,2026-02-05,0.0,pcs,5 Februari 2026
SEDOTAN KECIL,SEDOTAN KECIL,condiment,2026-02-05,174.0,pcs,5 Februari 2026
SENDOK STAINLESS,SENDOK STAINLESS,condiment,2026-02-05,0.0,pcs,5 Februari 2026
SKM,SKM,condiment,2026-02-05,206.0,ml,5 Februari 2026
PEANUT BUTTER,PEANUT BUTTER,beverage_main,2026-02-05,907.0,g,5 Februari 2026
SODA CHARGER,SODA CHARGER,beverage_main,2026-02-05,25.0,pcs,5 Februari 2026
SUNFLOWER OIL,SUNFLOWER OIL,food_main,2026-02-05,108.0,ml,5 Februari 2026
SYRUP HAZELNUT,SYRUP HAZELNUT,food_main,2026-02-05,500.0,ml,5 Februari 2026
SYRUP RUM,SYRUP RUM,food_main,2026-02-05,750.0,ml,5 Februari 2026
TELUR AYAM,TELUR AYAM,food_main,2026-02-05,3230.0,g,5 Februari 2026
TEPUNG CAKRA KEMBAR,TEPUNG CAKRA KEMBAR,food_main,2026-02-05,4000.0,g,5 Februari 2026
TEPUNG ROTI,Tepung Roti,food_main,2026-02-05,0.0,g,5 Februari 2026
TEPUNG SEGITIGA BIRU,TEPUNG SEGITIGA BIRU,food_main,2026-02-05,5000.0,g,5 Februari 2026
TIKKA MASALA,Tikka masala,sauce,2026-02-05,850.0,g,5 Februari 2026
TISSUE HANDTOWEL,TISSUE HANDTOWEL,condiment,2026-02-05,29.0,pcs,5 Februari 2026
TISSUE MAKAN,TISSUE MAKAN,condiment,2026-02-05,3.0,pcs,5 Februari 2026
TISSUE ROLL,TISSUE ROLL,condiment,2026-02-05,19.0,pcs,5 Februari 2026
TOMAT FRESH,TOMAT FRESH,beverage_main,2026-02-05,108.0,g,5 Februari 2026
TOMATO PELLED,Tomato Pelled,food_main,2026-02-05,0.0,g,5 Februari 2026
TRASH BAG,TRASH BAG,food_main,2026-02-05,0.0,pcs,5 Februari 2026
UNSALTED BUTTER (KG),UNSALTED BUTTER (KG),food_main,2026-02-05,348.0,g,5 Februari 2026
UNSALTED BUTTER PORTION,UNSALTED BUTTER PORTION,food_main,2026-02-05,71.0,pcs,5 Februari 2026
VANILLA SYRUP,VANILLA SYRUP,food_main,2026-02-05,500.0,ml,5 Februari 2026
COOKING CREAM,COOKING CREAM,food_main,2026-02-05,1755.0,ml,5 Februari 2026
WIJEN,WIJEN,beverage_main,2026-02-05,60.0,g,5 Februari 2026
SALMON,Salmon,food_main,2026-02-05,1000.0,g,5 Februari 2026
PAPRIKA HIJAU,Paprika hijau,food_main,2026-02-05,172.0,g,5 Februari 2026
SRIRACHA SAOS,Sriracha saos,food_main,2026-02-05,0.0,g,5 Februari 2026
HANDGLOVES PLASTIK,Handgloves plastik,condiment,2026-02-05,18.0,pcs,5 Februari 2026
SAUS SACHET SAMBAL,Saus sachet sambal,food_main,2026-02-05,33.0,pcs,5 Februari 2026
CRUMBLE LOTUS,Crumble lotus,beverage_main,2026-02-05,0.0,g,5 Februari 2026
RICE VINEGAR,Rice vinegar,beverage_main,2026-02-05,0.0,ml,5 Februari 2026
SOY SAUCE,Soy sauce,beverage_main,2026-02-05,300.0,g,5 Februari 2026
KUBIS PUTIH,Kubis Putih,beverage_main,2026-02-05,667.0,g,5 Februari 2026
KUBIS UNGU,Kubis Ungu,beverage_main,2026-02-05,1000.0,g,5 Februari 2026
KERTAS NASI,Kertas Nasi,condiment,2026-02-05,1000.0,pcs,5 Februari 2026
SALMON SANDWICH,Salmon sandwich,sauce,2026-02-05,608.0,g,5 Februari 2026
DAUN CURRY,Daun curry,food_main,2026-02-05,142.0,g,5 Februari 2026
ACAR ONION,Acar Onion,sauce,2026-02-05,0.0,g,5 Februari 2026
ALAS KERTAS TRAY,Alas kertas tray,condiment,2026-02-05,7020.0,pcs,5 Februari 2026
PEWARNA MERAH,Pewarna merah,beverage_main,2026-02-05,0.0,ml,5 Februari 2026
DR PEPPER ORIGINAL,Dr Pepper Original,beverage_main,2026-02-05,11.0,pcs,5 Februari 2026
DR PEPPER STRAWBERRY CREAM,Dr Pepper Strawberry cream,beverage_main,2026-02-05,42.0,pcs,5 Februari 2026
ESPRESSO,Espresso,beverage_main,2026-02-05,0.0,ml,5 Februari 2026
SPORK HITAM,Spork hitam,condiment,2026-02-05,154.0,pcs,5 Februari 2026
SAUCE MAC & CHEESE,Sauce Mac & Cheese,sauce,2026-02-05,388.0,g,5 Februari 2026
ITALIAN HERBS,Italian Herbs,food_main,2026-02-05,149.0,g,5 Februari 2026
CHILI FLAKE,Chili Flake,food_main,2026-02-05,287.0,g,5 Februari 2026
APPLE VINEGAR,Apple Vinegar,food_main,2026-02-05,0.0,ml,5 Februari 2026
LAJU KOPI,LAJU KOPI,other,2026-02-05,0.0,pcs,5 Februari 2026
BEANS HOT,Beans hot,beverage_main,2026-02-05,0.0,g,5 Februari 2026
BEANS ICE,Beans ice,beverage_main,2026-02-05,403.0,g,5 Februari 2026
SIRUP ALPEN,Sirup Alpen,beverage_main,2026-02-05,889.0,ml,5 Februari 2026
NIRA,Nira,beverage_main,2026-02-05,1578.0,ml,5 Februari 2026
CREAMER BUBUK,Creamer bubuk,beverage_main,2026-02-05,740.0,g,5 Februari 2026
CREAMER CAIR,Creamer cair,beverage_main,2026-02-05,174.0,ml,5 Februari 2026
UHT,UHT,beverage_main,2026-02-05,4000.0,ml,5 Februari 2026
LEMON,Lemon,beverage_main,2026-02-05,0.0,g,5 Februari 2026
TARO POWDER,Taro powder,beverage_main,2026-02-05,874.0,g,5 Februari 2026
KEJU POWDER,Keju powder,beverage_main,2026-02-05,591.0,g,5 Februari 2026
CUP LAJU,Cup laju,condiment,2026-02-05,207.0,pcs,5 Februari 2026
SEAL CUP,Seal cup,condiment,2026-02-05,1.0,pcs,5 Februari 2026
SKM,SKM,beverage_main,2026-02-05,490.0,g,5 Februari 2026
SEDOTAN,Sedotan,condiment,2026-02-05,390.0,pcs,5 Februari 2026
MINERAL WATER 600ML,MINERAL WATER 600ML,beverage_main,2026-03-03,0.0,pcs,3 Maret 2026
ADONAN WAFFLE,ADONAN WAFFLE,food_main,2026-03-03,3745.0,g,3 Maret 2026
APEL BUAH,APEL BUAH,food_main,2026-03-03,855.0,g,3 Maret 2026
APPLE CINNAMON,APPLE CINNAMON,food_main,2026-03-03,90.0,g,3 Maret 2026
APPLE SYRUP MONIN,Apple Syrup Monin,beverage_main,2026-03-03,10450.0,ml,3 Maret 2026
AW 250 ML,AW 250 ML,beverage_main,2026-03-03,16.0,pcs,3 Maret 2026
BORA 250ML,BORA 250ml,beverage_main,2026-03-03,24.0,pcs,3 Maret 2026
BACON,BACON,food_main,2026-03-03,1050.0,g,3 Maret 2026
BAKING POWDER HERCULES,BAKING POWDER HERCULES,food_main,2026-03-03,951.0,g,3 Maret 2026
BAKING POWDER KOEPOE,BAKING POWDER KOEPOE,food_main,2026-03-03,0.0,g,3 Maret 2026
BAKING SODA KOEPOE,Baking Soda Koepoe,food_main,2026-03-03,1128.0,g,3 Maret 2026
CREAM CHEESE,CREAM CHEESE,sauce,2026-03-03,1675.0,g,3 Maret 2026
BAWANG BOMBAY,BAWANG BOMBAY,food_main,2026-03-03,1587.0,g,3 Maret 2026
BAWANG BOMBAY MERAH,BAWANG BOMBAY MERAH,beverage_main,2026-03-03,0.0,g,3 Maret 2026
BAWANG MERAH,Bawang Merah,food_main,2026-03-03,0.0,g,3 Maret 2026
BAWANG PUTIH,BAWANG PUTIH,food_main,2026-03-03,625.0,g,3 Maret 2026
BAYLEAF,BAYLEAF,food_main,2026-03-03,39.0,g,3 Maret 2026
BBQ,BBQ,sauce,2026-03-03,965.0,g,3 Maret 2026
BERAS,BERAS,beverage_main,2026-03-03,6750.0,g,3 Maret 2026
BIG MAC,BIG MAC,sauce,2026-03-03,2375.0,g,3 Maret 2026
BLACK PAPER POWDER,BLACK PAPER POWDER,food_main,2026-03-03,1886.0,g,3 Maret 2026
BLACK TEA,BLACK TEA,beverage_main,2026-03-03,4686.0,g,3 Maret 2026
BOX CHICKEN WAFFLE (L),BOX CHICKEN WAFFLE (L),condiment,2026-03-03,2182.0,pcs,3 Maret 2026
BOX SANDWHICH (M),BOX SANDWHICH (M),condiment,2026-03-03,393.0,pcs,3 Maret 2026
BOX NASI,BOX NASI,condiment,2026-03-03,433.0,pcs,3 Maret 2026
BROWN SUGAR,Brown Sugar,food_main,2026-03-03,342.0,g,3 Maret 2026
BROWN TOAST,Brown Toast,food_main,2026-03-03,85.0,pcs,3 Maret 2026
BUFFALO,BUFFALO,sauce,2026-03-03,2390.0,g,3 Maret 2026
BUMBU NASHVILLE KERING,BUMBU NASHVILLE KERING,beverage_main,2026-03-03,545.0,g,3 Maret 2026
BUMBU TEPUNG AYAM,BUMBU TEPUNG AYAM,beverage_main,2026-03-03,1220.0,g,3 Maret 2026
BURGER BUN,BURGER BUN,food_main,2026-03-03,11.0,pcs,3 Maret 2026
CABAI TEROPONG HIJAU,CABAI TEROPONG HIJAU,food_main,2026-03-03,280.0,g,3 Maret 2026
CABAI RAWIT,CABAI RAWIT,food_main,2026-03-03,800.0,g,3 Maret 2026
CARAMEL SAUCE,CARAMEL SAUCE,beverage_main,2026-03-03,600.0,ml,3 Maret 2026
CAYENNE POWDER,CAYENNE POWDER,food_main,2026-03-03,319.0,g,3 Maret 2026
CHEDDAR BLOCK,CHEDDAR BLOCK,food_main,2026-03-03,0.0,g,3 Maret 2026
CHILLI POWDER YUTAKACHI,CHILLI POWDER YUTAKACHI,food_main,2026-03-03,0.0,g,3 Maret 2026
CHIPOTLE KALENG,Chipotle kaleng,food_main,2026-03-03,1775.0,g,3 Maret 2026
CHIPOTLE DRESSING,Chipotle dressing,sauce,2026-03-03,1255.0,g,3 Maret 2026
CINNAMON POWDER,CINNAMON POWDER,food_main,2026-03-03,310.0,g,3 Maret 2026
COKLAT POWDER,COKLAT POWDER,food_main,2026-03-03,576.0,g,3 Maret 2026
COLA 250 ML,COLA 250 ML,beverage_main,2026-03-03,171.0,pcs,3 Maret 2026
COLATTA CHOCOCHIPS,COLATTA CHOCOCHIPS,food_main,2026-03-03,898.0,g,3 Maret 2026
COLESLAW,COLESLAW,beverage_main,2026-03-03,195.0,g,3 Maret 2026
CUKA,CUKA,food_main,2026-03-03,2550.0,pcs,3 Maret 2026
CUP 14 OZ,CUP 14 OZ,condiment,2026-03-03,165.0,pcs,3 Maret 2026
CUP ICE CREAM LAR,CUP ICE CREAM Lar,condiment,2026-03-03,1660.0,pcs,3 Maret 2026
CUP SAOS PLASTIK 35 ML,CUP SAOS PLASTIK 35 ML,condiment,2026-03-03,376.0,pcs,3 Maret 2026
CUP SAOS PLASTIK 60 ML,CUP SAOS PLASTIK 60 ML,condiment,2026-03-03,284.0,pcs,3 Maret 2026
CUP SAOS STAINLESS,CUP SAOS STAINLESS,condiment,2026-03-03,0.0,pcs,3 Maret 2026
CURRY HIJAU,CURRY HIJAU,sauce,2026-03-03,1325.0,g,3 Maret 2026
CREAMER,CREAMER,condiment,2026-03-03,500.0,g,3 Maret 2026
CREAMY BUTTERMILK SAUCE,CREAMY BUTTERMILK SAUCE,sauce,2026-03-03,1595.0,ml,3 Maret 2026
CREAMY LEMON GARLIC,CREAMY LEMON GARLIC,sauce,2026-03-03,765.0,pcs,3 Maret 2026
CHICKEN SANDWICH,CHICKEN SANDWICH,sauce,2026-03-03,705.0,g,3 Maret 2026
DADA AYAM,DADA AYAM,food_main,2026-03-03,7845.0,g,3 Maret 2026
DAUN JERUK,DAUN JERUK,food_main,2026-03-03,0.0,g,3 Maret 2026
DAUN KETUMBAR,Daun Ketumbar,food_main,2026-03-03,160.0,g,3 Maret 2026
DELIVERY BAG IDOLA 15,DELIVERY BAG IDOLA 15,condiment,2026-03-03,75.0,pcs,3 Maret 2026
DELIVERY BAG IDOLA 30,DELIVERY BAG IDOLA 30,condiment,2026-03-03,180.0,pcs,3 Maret 2026
DELIVERY BAG IDOLA 24,DELIVERY BAG IDOLA 24,condiment,2026-03-03,138.0,pcs,3 Maret 2026
DELIVERY BAG PARTY 20,DELIVERY BAG PARTY 20,condiment,2026-03-03,0.0,pcs,3 Maret 2026
DELIVERY BAG PARTY 28,DELIVERY BAG PARTY 28,condiment,2026-03-03,130.0,pcs,3 Maret 2026
DIAMOND ICE CREAM VANILLA,DIAMOND ICE CREAM VANILLA,beverage_main,2026-03-03,2650.0,ml,3 Maret 2026
DIAMOND SOFT MIX CHOCOLATE,DIAMOND SOFT MIX CHOCOLATE,beverage_main,2026-03-03,0.0,ml,3 Maret 2026
DIAMOND SOFT MIX VANILLA,DIAMOND SOFT MIX VANILLA,beverage_main,2026-03-03,0.0,ml,3 Maret 2026
DIAMOND UHT,DIAMOND UHT,food_main,2026-03-03,15650.0,pcs,3 Maret 2026
DIAMOND UHT COKLAT,DIAMOND UHT COKLAT,food_main,2026-03-03,4000.0,ml,3 Maret 2026
EMAKU KOREAN SPICY,EMAKU KOREAN SPICY,food_main,2026-03-03,0.0,g,3 Maret 2026
ES BATU,Es Batu,beverage_main,2026-03-03,8000.0,g,3 Maret 2026
FF CRISSCUT,FF CRISSCUT,food_main,2026-03-03,13270.0,g,3 Maret 2026
FF STRAIGH CUT,FF STRAIGH CUT,food_main,2026-03-03,23290.0,g,3 Maret 2026
FLOOR CLEANER,FLOOR CLEANER,condiment,2026-03-03,0.0,ml,3 Maret 2026
GALON,GALON,beverage_main,2026-03-03,16000.0,ml,3 Maret 2026
GARAM,GARAM,food_main,2026-03-03,8107.0,g,3 Maret 2026
GARAM MASALA,Garam Masala,food_main,2026-03-03,235.0,g,3 Maret 2026
GARLIC PARMESAN,GARLIC PARMESAN,sauce,2026-03-03,460.0,g,3 Maret 2026
GARLIC POWDER,GARLIC POWDER,food_main,2026-03-03,1534.0,g,3 Maret 2026
GARPU STAINLESS,GARPU STAINLESS,condiment,2026-03-03,6.0,pcs,3 Maret 2026
GAS 50 KG,GAS 50 KG,condiment,2026-03-03,1.0,pcs,3 Maret 2026
GINGER POWDER,GINGER POWDER,food_main,2026-03-03,283.0,g,3 Maret 2026
GLASS CLEANER,GLASS CLEANER,condiment,2026-03-03,0.0,ml,3 Maret 2026
GULA CAIR,GULA CAIR,food_main,2026-03-03,6200.0,g,3 Maret 2026
GULA PASIR,GULA PASIR,food_main,2026-03-03,2905.0,g,3 Maret 2026
HAND SOAP,HAND SOAP,condiment,2026-03-03,0.0,ml,3 Maret 2026
KIKKOMAN KOREAN CHILLI GOCHUJANG,KIKKOMAN KOREAN CHILLI GOCHUJANG,food_main,2026-03-03,0.0,g,3 Maret 2026
HONEY CHILI,HONEY CHILI,sauce,2026-03-03,0.0,g,3 Maret 2026
HORLIC POWDER,HORLIC POWDER,beverage_main,2026-03-03,0.0,g,3 Maret 2026
HOT SPICY,HOT SPICY,sauce,2026-03-03,3515.0,g,3 Maret 2026
HOT CREAMY GARLIC,HOT CREAMY GARLIC,sauce,2026-03-03,1835.0,g,3 Maret 2026
JINTEN POWDER,JINTEN POWDER,food_main,2026-03-03,882.0,g,3 Maret 2026
KECAP INGGRIS,KECAP INGGRIS,food_main,2026-03-03,142.0,g,3 Maret 2026
KEJU SLICE,KEJU SLICE,food_main,2026-03-03,69.0,pcs,3 Maret 2026
KETUMBAR POWDER,KETUMBAR POWDER,food_main,2026-03-03,767.0,g,3 Maret 2026
KNORR BEEF POWDER,KNORR BEEF POWDER,food_main,2026-03-03,635.0,g,3 Maret 2026
KNORR CHEESE,Knorr cheese,food_main,2026-03-03,733.0,g,3 Maret 2026
KUNYIT POWDER,Kunyit Powder,food_main,2026-03-03,209.0,g,3 Maret 2026
LAROME VANILLA POWDER,LAROME VANILLA POWDER,food_main,2026-03-03,156.0,g,3 Maret 2026
LADA PUTIH,LADA PUTIH,food_main,2026-03-03,0.0,g,3 Maret 2026
LEMON,Lemon,food_main,2026-03-03,2790.0,g,3 Maret 2026
LETTUCE,LETTUCE,food_main,2026-03-03,1205.0,g,3 Maret 2026
LID CUP 14 OZ,LID CUP 14 OZ,condiment,2026-03-03,1038.0,pcs,3 Maret 2026
LID ICE CREAM LAR,LID ICE CREAM Lar,condiment,2026-03-03,1352.0,pcs,3 Maret 2026
LIQUID SMOKE,LIQUID SMOKE,food_main,2026-03-03,2500.0,ml,3 Maret 2026
LOTUS BISCOFF,LOTUS BISCOFF,beverage_main,2026-03-03,570.0,pcs,3 Maret 2026
MADU,MADU,food_main,2026-03-03,808.0,g,3 Maret 2026
MAIZENA,MAIZENA,food_main,2026-03-03,4527.0,g,3 Maret 2026
MAKARONI,MAKARONI,food_main,2026-03-03,6000.0,g,3 Maret 2026
HOT LAVA SAUCE,HOT LAVA SAUCE,food_main,2026-03-03,13788.0,g,3 Maret 2026
MANGKOK ENAMEL,MANGKOK ENAMEL,condiment,2026-03-03,0.0,pcs,3 Maret 2026
MAPPLE SYRUP,MAPPLE SYRUP,food_main,2026-03-03,24037.0,ml,3 Maret 2026
MARINASI BUTTERMILK,MARINASI BUTTERMILK,marinade,2026-03-03,0.0,g,3 Maret 2026
MARINASI NASVILE,MARINASI NASVILE,marinade,2026-03-03,0.0,g,3 Maret 2026
MAYONAISE KEWPIE,Mayonaise Kewpie,food_main,2026-03-03,1625.0,g,3 Maret 2026
MC LEWIS MAYONAISE,MC Lewis Mayonaise,food_main,2026-03-03,6776.0,g,3 Maret 2026
MICIN,MICIN,food_main,2026-03-03,958.0,g,3 Maret 2026
MINYAK GORENG,MINYAK GORENG,food_main,2026-03-03,28000.0,pcs,3 Maret 2026
YELLOW MUSTARD,YELLOW MUSTARD,food_main,2026-03-03,6240.0,g,3 Maret 2026
NUTELLA,NUTELLA,beverage_main,2026-03-03,500.0,g,3 Maret 2026
OAT,OAT,food_main,2026-03-03,2000.0,g,3 Maret 2026
ONION POWDER,ONION POWDER,food_main,2026-03-03,1185.0,g,3 Maret 2026
PAHA ATAS,PAHA ATAS,food_main,2026-03-03,140.0,pcs,3 Maret 2026
PAHA BAWAH,PAHA BAWAH,food_main,2026-03-03,35.0,pcs,3 Maret 2026
PALA POWDER,PALA POWDER,food_main,2026-03-03,346.0,g,3 Maret 2026
PAPER BAG MERAH,PAPER BAG MERAH,condiment,2026-03-03,839.0,pcs,3 Maret 2026
PAPER BAG PUTIH,PAPER BAG PUTIH,condiment,2026-03-03,500.0,pcs,3 Maret 2026
PAPER TRAY (L),PAPER TRAY (L),condiment,2026-03-03,0.0,pcs,3 Maret 2026
TRAY MELAMIN,TRAY MELAMIN,condiment,2026-03-03,0.0,pcs,3 Maret 2026
PAPER WRAP,PAPER WRAP,condiment,2026-03-03,3200.0,pcs,3 Maret 2026
PAPRIKA POWDER,PAPRIKA POWDER,food_main,2026-03-03,1264.0,g,3 Maret 2026
PARMESAN POWDER,PARMESAN POWDER,food_main,2026-03-03,710.0,g,3 Maret 2026
PARSLEY KERING,PARSLEY KERING,food_main,2026-03-03,101.0,g,3 Maret 2026
PEACH BUAH KALENG,PEACH BUAH KALENG,beverage_main,2026-03-03,623.0,g,3 Maret 2026
MONIN PEACH SYRUP,MONIN PEACH SYRUP,beverage_main,2026-03-03,7500.0,ml,3 Maret 2026
PEANUT DRESSING,PEANUT DRESSING,sauce,2026-03-03,920.0,g,3 Maret 2026
PERISA RED PASTA,PERISA RED PASTA,food_main,2026-03-03,250.0,g,3 Maret 2026
PEWARNA KUNING,PEWARNA KUNING,food_main,2026-03-03,112.0,ml,3 Maret 2026
PICKLES,PICKLES,food_main,2026-03-03,0.0,g,3 Maret 2026
PIRING ENAMEL,PIRING ENAMEL,condiment,2026-03-03,0.0,pcs,3 Maret 2026
PISANG,PISANG,beverage_main,2026-03-03,5.0,pcs,3 Maret 2026
PISAU STAINLESS,PISAU STAINLESS,condiment,2026-03-03,6.0,pcs,3 Maret 2026
RAISING CANE,RAISING CANE,sauce,2026-03-03,840.0,g,3 Maret 2026
RED VELVET POWDER,RED VELVET POWDER,food_main,2026-03-03,172.0,g,3 Maret 2026
ROSEMARY POWDER,ROSEMARY POWDER,food_main,2026-03-03,80.0,g,3 Maret 2026
ROYCO AYAM,ROYCO AYAM,food_main,2026-03-03,1266.0,g,3 Maret 2026
RUSSIAN DRESSING,Russian dressing,sauce,2026-03-03,870.0,g,3 Maret 2026
SABUN CUCI PIRING,SABUN CUCI PIRING,condiment,2026-03-03,22300.0,ml,3 Maret 2026
SALTED CARAMEL SYRUP,SALTED CARAMEL SYRUP,beverage_main,2026-03-03,245.0,ml,3 Maret 2026
SAOS SAMBAL,SAOS SAMBAL,food_main,2026-03-03,400.0,g,3 Maret 2026
SAOS TOMAT,SAOS TOMAT,food_main,2026-03-03,1000.0,g,3 Maret 2026
SAUS TIRAM,SAUS TIRAM,food_main,2026-03-03,0.0,g,3 Maret 2026
SAYAP AYAM,SAYAP AYAM,food_main,2026-03-03,984.0,pcs,3 Maret 2026
SEDOTAN BESAR,SEDOTAN BESAR,condiment,2026-03-03,0.0,pcs,3 Maret 2026
SEDOTAN KECIL,SEDOTAN KECIL,condiment,2026-03-03,0.0,pcs,3 Maret 2026
SENDOK STAINLESS,SENDOK STAINLESS,condiment,2026-03-03,0.0,pcs,3 Maret 2026
SKM,SKM,condiment,2026-03-03,135.0,ml,3 Maret 2026
PEANUT BUTTER,PEANUT BUTTER,beverage_main,2026-03-03,850.0,g,3 Maret 2026
SODA CHARGER,SODA CHARGER,beverage_main,2026-03-03,26.0,pcs,3 Maret 2026
SUNFLOWER OIL,SUNFLOWER OIL,food_main,2026-03-03,300.0,ml,3 Maret 2026
SYRUP HAZELNUT,SYRUP HAZELNUT,food_main,2026-03-03,322.0,ml,3 Maret 2026
SYRUP RUM,SYRUP RUM,food_main,2026-03-03,750.0,ml,3 Maret 2026
TELUR AYAM,TELUR AYAM,food_main,2026-03-03,1100.0,g,3 Maret 2026
TEPUNG CAKRA KEMBAR,TEPUNG CAKRA KEMBAR,food_main,2026-03-03,4840.0,g,3 Maret 2026
TEPUNG ROTI,Tepung Roti,food_main,2026-03-03,0.0,g,3 Maret 2026
TEPUNG SEGITIGA BIRU,TEPUNG SEGITIGA BIRU,food_main,2026-03-03,7000.0,g,3 Maret 2026
TIKKA MASALA,Tikka masala,sauce,2026-03-03,845.0,g,3 Maret 2026
TISSUE HANDTOWEL,TISSUE HANDTOWEL,condiment,2026-03-03,6.0,pcs,3 Maret 2026
TISSUE MAKAN,TISSUE MAKAN,condiment,2026-03-03,0.0,pcs,3 Maret 2026
TISSUE ROLL,TISSUE ROLL,condiment,2026-03-03,68.0,pcs,3 Maret 2026
TOMAT FRESH,TOMAT FRESH,beverage_main,2026-03-03,476.0,g,3 Maret 2026
TOMATO PELLED,Tomato Pelled,food_main,2026-03-03,0.0,g,3 Maret 2026
TRASH BAG,TRASH BAG,food_main,2026-03-03,3.0,pcs,3 Maret 2026
UNSALTED BUTTER (KG),UNSALTED BUTTER (KG),food_main,2026-03-03,1000.0,g,3 Maret 2026
UNSALTED BUTTER PORTION,UNSALTED BUTTER PORTION,food_main,2026-03-03,4.0,pcs,3 Maret 2026
VANILLA SYRUP,VANILLA SYRUP,food_main,2026-03-03,245.0,ml,3 Maret 2026
COOKING CREAM,COOKING CREAM,food_main,2026-03-03,4000.0,ml,3 Maret 2026
WIJEN,WIJEN,beverage_main,2026-03-03,0.0,g,3 Maret 2026
SALMON,Salmon,food_main,2026-03-03,609.0,g,3 Maret 2026
PAPRIKA HIJAU,Paprika hijau,food_main,2026-03-03,150.0,g,3 Maret 2026
SRIRACHA SAOS,Sriracha saos,food_main,2026-03-03,210.0,g,3 Maret 2026
HANDGLOVES PLASTIK,Handgloves plastik,condiment,2026-03-03,73.0,pcs,3 Maret 2026
SAUS SACHET SAMBAL,Saus sachet sambal,food_main,2026-03-03,75.0,pcs,3 Maret 2026
CRUMBLE LOTUS,Crumble lotus,beverage_main,2026-03-03,0.0,g,3 Maret 2026
RICE VINEGAR,Rice vinegar,beverage_main,2026-03-03,0.0,ml,3 Maret 2026
SOY SAUCE,Soy sauce,beverage_main,2026-03-03,150.0,g,3 Maret 2026
KUBIS PUTIH,Kubis Putih,beverage_main,2026-03-03,2000.0,g,3 Maret 2026
KUBIS UNGU,Kubis Ungu,beverage_main,2026-03-03,625.0,g,3 Maret 2026
KERTAS NASI,Kertas Nasi,condiment,2026-03-03,6683.0,pcs,3 Maret 2026
SALMON SANDWICH,Salmon sandwich,sauce,2026-03-03,320.0,g,3 Maret 2026
DAUN CURRY,Daun curry,food_main,2026-03-03,65.0,g,3 Maret 2026
ACAR ONION,Acar Onion,sauce,2026-03-03,299.0,g,3 Maret 2026
ALAS KERTAS TRAY,Alas kertas tray,condiment,2026-03-03,2523.0,pcs,3 Maret 2026
PEWARNA MERAH,Pewarna merah,beverage_main,2026-03-03,0.0,ml,3 Maret 2026
DR PEPPER ORIGINAL,Dr Pepper Original,beverage_main,2026-03-03,13.0,pcs,3 Maret 2026
DR PEPPER STRAWBERRY CREAM,Dr Pepper Strawberry cream,beverage_main,2026-03-03,0.0,pcs,3 Maret 2026
ESPRESSO,Espresso,beverage_main,2026-03-03,0.0,ml,3 Maret 2026
SPORK HITAM,Spork hitam,condiment,2026-03-03,279.0,pcs,3 Maret 2026
SAUCE MAC & CHEESE,Sauce Mac & Cheese,sauce,2026-03-03,500.0,g,3 Maret 2026
ITALIAN HERBS,Italian Herbs,food_main,2026-03-03,135.0,g,3 Maret 2026
CHILI FLAKE,Chili Flake,food_main,2026-03-03,309.0,g,3 Maret 2026
APPLE VINEGAR,Apple Vinegar,food_main,2026-03-03,0.0,ml,3 Maret 2026
LAJU KOPI,LAJU KOPI,other,2026-03-03,0.0,pcs,3 Maret 2026
BEANS HOT,Beans hot,beverage_main,2026-03-03,820.0,g,3 Maret 2026
BEANS ICE,Beans ice,beverage_main,2026-03-03,1000.0,g,3 Maret 2026
SIRUP ALPEN,Sirup Alpen,beverage_main,2026-03-03,978.0,ml,3 Maret 2026
NIRA,Nira,beverage_main,2026-03-03,818.0,ml,3 Maret 2026
CREAMER BUBUK,Creamer bubuk,beverage_main,2026-03-03,400.0,g,3 Maret 2026
CREAMER CAIR,Creamer cair,beverage_main,2026-03-03,223.0,ml,3 Maret 2026
UHT,UHT,beverage_main,2026-03-03,0.0,ml,3 Maret 2026
LEMON,Lemon,beverage_main,2026-03-03,663.0,g,3 Maret 2026
TARO POWDER,Taro powder,beverage_main,2026-03-03,416.0,g,3 Maret 2026
KEJU POWDER,Keju powder,beverage_main,2026-03-03,174.0,g,3 Maret 2026
CUP LAJU,Cup laju,condiment,2026-03-03,39.0,pcs,3 Maret 2026
SEAL CUP,Seal cup,condiment,2026-03-03,1.0,pcs,3 Maret 2026
SKM,SKM,beverage_main,2026-03-03,400.0,g,3 Maret 2026
SEDOTAN,Sedotan,condiment,2026-03-03,324.0,pcs,3 Maret 2026
LIME POWDER,Lime Powder,beverage_main,2026-03-03,1583.0,g,3 Maret 2026
MADU BOTOL,Madu botol,beverage_main,2026-03-03,1000.0,g,3 Maret 2026
MINERAL WATER 600ML,MINERAL WATER 600ML,beverage_main,2026-04-06,149.0,pcs,6 April 2026
ADONAN WAFFLE,ADONAN WAFFLE,food_main,2026-04-06,1445.0,g,6 April 2026
APEL BUAH,APEL BUAH,food_main,2026-04-06,0.0,g,6 April 2026
APPLE CINNAMON,APPLE CINNAMON,food_main,2026-04-06,1405.0,g,6 April 2026
APPLE SYRUP MONIN,Apple Syrup Monin,beverage_main,2026-04-06,4645.0,ml,6 April 2026
AW 250 ML,AW 250 ML,beverage_main,2026-04-06,69.0,pcs,6 April 2026
BORA 250ML,BORA 250ml,beverage_main,2026-04-06,21.0,pcs,6 April 2026
BACON,BACON,food_main,2026-04-06,0.0,g,6 April 2026
BAKING POWDER HERCULES,BAKING POWDER HERCULES,food_main,2026-04-06,236.0,g,6 April 2026
BAKING POWDER KOEPOE,BAKING POWDER KOEPOE,food_main,2026-04-06,0.0,g,6 April 2026
BAKING SODA KOEPOE,Baking Soda Koepoe,food_main,2026-04-06,864.0,g,6 April 2026
CREAM CHEESE,CREAM CHEESE,sauce,2026-04-06,1415.0,g,6 April 2026
BAWANG BOMBAY,BAWANG BOMBAY,food_main,2026-04-06,4963.0,g,6 April 2026
BAWANG BOMBAY MERAH,BAWANG BOMBAY MERAH,beverage_main,2026-04-06,0.0,g,6 April 2026
BAWANG MERAH,Bawang Merah,food_main,2026-04-06,0.0,g,6 April 2026
BAWANG PUTIH,BAWANG PUTIH,food_main,2026-04-06,225.0,g,6 April 2026
BAYLEAF,BAYLEAF,food_main,2026-04-06,29.0,g,6 April 2026
BBQ,BBQ,sauce,2026-04-06,4210.0,g,6 April 2026
BERAS,BERAS,beverage_main,2026-04-06,7500.0,g,6 April 2026
BIG MAC,BIG MAC,sauce,2026-04-06,3077.0,g,6 April 2026
BLACK PAPER POWDER,BLACK PAPER POWDER,food_main,2026-04-06,2032.0,g,6 April 2026
BLACK TEA,BLACK TEA,beverage_main,2026-04-06,2142.0,g,6 April 2026
BOX CHICKEN WAFFLE (L),BOX CHICKEN WAFFLE (L),condiment,2026-04-06,1638.0,pcs,6 April 2026
BOX SANDWHICH (M),BOX SANDWHICH (M),condiment,2026-04-06,218.0,pcs,6 April 2026
BOX NASI,BOX NASI,condiment,2026-04-06,544.0,pcs,6 April 2026
BROWN SUGAR,Brown Sugar,food_main,2026-04-06,752.0,g,6 April 2026
BROWN TOAST,Brown Toast,food_main,2026-04-06,40.0,pcs,6 April 2026
BUFFALO,BUFFALO,sauce,2026-04-06,1881.0,g,6 April 2026
BUMBU NASHVILLE KERING,BUMBU NASHVILLE KERING,beverage_main,2026-04-06,593.0,g,6 April 2026
BUMBU TEPUNG AYAM,BUMBU TEPUNG AYAM,beverage_main,2026-04-06,2692.0,g,6 April 2026
BURGER BUN,BURGER BUN,food_main,2026-04-06,3.0,pcs,6 April 2026
CABAI TEROPONG HIJAU,CABAI TEROPONG HIJAU,food_main,2026-04-06,305.0,g,6 April 2026
CABAI RAWIT,CABAI RAWIT,food_main,2026-04-06,185.0,g,6 April 2026
CARAMEL SAUCE,CARAMEL SAUCE,beverage_main,2026-04-06,337.0,ml,6 April 2026
CAYENNE POWDER,CAYENNE POWDER,food_main,2026-04-06,528.0,g,6 April 2026
CHEDDAR BLOCK,CHEDDAR BLOCK,food_main,2026-04-06,0.0,g,6 April 2026
CHILLI POWDER YUTAKACHI,CHILLI POWDER YUTAKACHI,food_main,2026-04-06,0.0,g,6 April 2026
CHIPOTLE KALENG,Chipotle kaleng,food_main,2026-04-06,0.0,g,6 April 2026
CHIPOTLE DRESSING,Chipotle dressing,sauce,2026-04-06,75.0,g,6 April 2026
CINNAMON POWDER,CINNAMON POWDER,food_main,2026-04-06,186.0,g,6 April 2026
COKLAT POWDER,COKLAT POWDER,food_main,2026-04-06,925.0,g,6 April 2026
COLA 250 ML,COLA 250 ML,beverage_main,2026-04-06,221.0,pcs,6 April 2026
COLATTA CHOCOCHIPS,COLATTA CHOCOCHIPS,food_main,2026-04-06,474.0,g,6 April 2026
COLESLAW,COLESLAW,beverage_main,2026-04-06,0.0,g,6 April 2026
CUKA,CUKA,food_main,2026-04-06,0.0,pcs,6 April 2026
CUP 14 OZ,CUP 14 OZ,condiment,2026-04-06,1411.0,pcs,6 April 2026
CUP ICE CREAM LAR,CUP ICE CREAM Lar,condiment,2026-04-06,996.0,pcs,6 April 2026
CUP SAOS PLASTIK 35 ML,CUP SAOS PLASTIK 35 ML,condiment,2026-04-06,16.0,pcs,6 April 2026
CUP SAOS PLASTIK 60 ML,CUP SAOS PLASTIK 60 ML,condiment,2026-04-06,42.0,pcs,6 April 2026
CUP SAOS STAINLESS,CUP SAOS STAINLESS,condiment,2026-04-06,0.0,pcs,6 April 2026
CURRY HIJAU,CURRY HIJAU,sauce,2026-04-06,1560.0,g,6 April 2026
CREAMER,CREAMER,condiment,2026-04-06,416.0,g,6 April 2026
CREAMY BUTTERMILK SAUCE,CREAMY BUTTERMILK SAUCE,sauce,2026-04-06,400.0,ml,6 April 2026
CREAMY LEMON GARLIC,CREAMY LEMON GARLIC,sauce,2026-04-06,1565.0,pcs,6 April 2026
CHICKEN SANDWICH,CHICKEN SANDWICH,sauce,2026-04-06,215.0,g,6 April 2026
DADA AYAM,DADA AYAM,food_main,2026-04-06,3335.0,g,6 April 2026
DAUN JERUK,DAUN JERUK,food_main,2026-04-06,0.0,g,6 April 2026
DAUN KETUMBAR,Daun Ketumbar,food_main,2026-04-06,120.0,g,6 April 2026
DELIVERY BAG IDOLA 15,DELIVERY BAG IDOLA 15,condiment,2026-04-06,1.0,pcs,6 April 2026
DELIVERY BAG IDOLA 30,DELIVERY BAG IDOLA 30,condiment,2026-04-06,4.0,pcs,6 April 2026
DELIVERY BAG IDOLA 24,DELIVERY BAG IDOLA 24,condiment,2026-04-06,3.0,pcs,6 April 2026
DELIVERY BAG PARTY 20,DELIVERY BAG PARTY 20,condiment,2026-04-06,0.0,pcs,6 April 2026
DELIVERY BAG PARTY 28,DELIVERY BAG PARTY 28,condiment,2026-04-06,4.0,pcs,6 April 2026
DIAMOND ICE CREAM VANILLA,DIAMOND ICE CREAM VANILLA,beverage_main,2026-04-06,2134.0,ml,6 April 2026
DIAMOND SOFT MIX CHOCOLATE,DIAMOND SOFT MIX CHOCOLATE,beverage_main,2026-04-06,0.0,ml,6 April 2026
DIAMOND SOFT MIX VANILLA,DIAMOND SOFT MIX VANILLA,beverage_main,2026-04-06,0.0,ml,6 April 2026
DIAMOND UHT,DIAMOND UHT,food_main,2026-04-06,6495.0,pcs,6 April 2026
DIAMOND UHT COKLAT,DIAMOND UHT COKLAT,food_main,2026-04-06,3000.0,ml,6 April 2026
EMAKU KOREAN SPICY,EMAKU KOREAN SPICY,food_main,2026-04-06,0.0,g,6 April 2026
ES BATU,Es Batu,beverage_main,2026-04-06,20000.0,g,6 April 2026
FF CRISSCUT,FF CRISSCUT,food_main,2026-04-06,0.0,g,6 April 2026
FF STRAIGH CUT,FF STRAIGH CUT,food_main,2026-04-06,8394.0,g,6 April 2026
FLOOR CLEANER,FLOOR CLEANER,condiment,2026-04-06,3080.0,ml,6 April 2026
GALON,GALON,beverage_main,2026-04-06,36000.0,ml,6 April 2026
GARAM,GARAM,food_main,2026-04-06,10264.0,g,6 April 2026
GARAM MASALA,Garam Masala,food_main,2026-04-06,170.0,g,6 April 2026
GARLIC PARMESAN,GARLIC PARMESAN,sauce,2026-04-06,1015.0,g,6 April 2026
GARLIC POWDER,GARLIC POWDER,food_main,2026-04-06,1471.0,g,6 April 2026
GARPU STAINLESS,GARPU STAINLESS,condiment,2026-04-06,0.0,pcs,6 April 2026
GAS 50 KG,GAS 50 KG,condiment,2026-04-06,2.0,pcs,6 April 2026
GINGER POWDER,GINGER POWDER,food_main,2026-04-06,1471.0,g,6 April 2026
GLASS CLEANER,GLASS CLEANER,condiment,2026-04-06,720.0,ml,6 April 2026
GULA CAIR,GULA CAIR,food_main,2026-04-06,5850.0,g,6 April 2026
GULA PASIR,GULA PASIR,food_main,2026-04-06,645.0,g,6 April 2026
HAND SOAP,HAND SOAP,condiment,2026-04-06,0.0,ml,6 April 2026
KIKKOMAN KOREAN CHILLI GOCHUJANG,KIKKOMAN KOREAN CHILLI GOCHUJANG,food_main,2026-04-06,0.0,g,6 April 2026
HONEY CHILI,HONEY CHILI,sauce,2026-04-06,0.0,g,6 April 2026
HORLIC POWDER,HORLIC POWDER,beverage_main,2026-04-06,0.0,g,6 April 2026
HOT SPICY,HOT SPICY,sauce,2026-04-06,3975.0,g,6 April 2026
HOT CREAMY GARLIC,HOT CREAMY GARLIC,sauce,2026-04-06,1635.0,g,6 April 2026
JINTEN POWDER,JINTEN POWDER,food_main,2026-04-06,604.0,g,6 April 2026
KECAP INGGRIS,KECAP INGGRIS,food_main,2026-04-06,0.0,g,6 April 2026
KEJU SLICE,KEJU SLICE,food_main,2026-04-06,24.0,pcs,6 April 2026
KETUMBAR POWDER,KETUMBAR POWDER,food_main,2026-04-06,450.0,g,6 April 2026
KNORR BEEF POWDER,KNORR BEEF POWDER,food_main,2026-04-06,750.0,g,6 April 2026
KNORR CHEESE,Knorr cheese,food_main,2026-04-06,923.0,g,6 April 2026
KUNYIT POWDER,Kunyit Powder,food_main,2026-04-06,269.0,g,6 April 2026
LAROME VANILLA POWDER,LAROME VANILLA POWDER,food_main,2026-04-06,412.0,g,6 April 2026
LADA PUTIH,LADA PUTIH,food_main,2026-04-06,0.0,g,6 April 2026
LEMON,Lemon,food_main,2026-04-06,0.0,g,6 April 2026
LETTUCE,LETTUCE,food_main,2026-04-06,1010.0,g,6 April 2026
LID CUP 14 OZ,LID CUP 14 OZ,condiment,2026-04-06,1431.0,pcs,6 April 2026
LID ICE CREAM LAR,LID ICE CREAM Lar,condiment,2026-04-06,1777.0,pcs,6 April 2026
LIQUID SMOKE,LIQUID SMOKE,food_main,2026-04-06,2165.0,ml,6 April 2026
LOTUS BISCOFF,LOTUS BISCOFF,beverage_main,2026-04-06,1711.0,g,6 April 2026
MADU,MADU,food_main,2026-04-06,1458.0,g,6 April 2026
MAIZENA,MAIZENA,food_main,2026-04-06,5737.0,g,6 April 2026
MAKARONI,MAKARONI,food_main,2026-04-06,5456.0,g,6 April 2026
HOT LAVA SAUCE,HOT LAVA SAUCE,food_main,2026-04-06,6200.0,g,6 April 2026
MANGKOK ENAMEL,MANGKOK ENAMEL,condiment,2026-04-06,0.0,pcs,6 April 2026
MAPPLE SYRUP,MAPPLE SYRUP,food_main,2026-04-06,2130.0,ml,6 April 2026
MARINASI BUTTERMILK,MARINASI BUTTERMILK,marinade,2026-04-06,0.0,g,6 April 2026
MARINASI NASVILE,MARINASI NASVILE,marinade,2026-04-06,0.0,g,6 April 2026
MAYONAISE KEWPIE,Mayonaise Kewpie,food_main,2026-04-06,0.0,g,6 April 2026
MC LEWIS MAYONAISE,MC Lewis Mayonaise,food_main,2026-04-06,2837.0,g,6 April 2026
MICIN,MICIN,food_main,2026-04-06,2599.0,g,6 April 2026
MINYAK GORENG,MINYAK GORENG,food_main,2026-04-06,23000.0,pcs,6 April 2026
YELLOW MUSTARD,YELLOW MUSTARD,food_main,2026-04-06,0.0,g,6 April 2026
NUTELLA,NUTELLA,beverage_main,2026-04-06,952.0,g,6 April 2026
OAT,OAT,food_main,2026-04-06,0.0,g,6 April 2026
ONION POWDER,ONION POWDER,food_main,2026-04-06,485.0,g,6 April 2026
PAHA ATAS,PAHA ATAS,food_main,2026-04-06,60.0,pcs,6 April 2026
PAHA BAWAH,PAHA BAWAH,food_main,2026-04-06,73.0,pcs,6 April 2026
PALA POWDER,PALA POWDER,food_main,2026-04-06,344.0,g,6 April 2026
PAPER BAG MERAH,PAPER BAG MERAH,condiment,2026-04-06,336.0,pcs,6 April 2026
PAPER BAG PUTIH,PAPER BAG PUTIH,condiment,2026-04-06,350.0,pcs,6 April 2026
PAPER TRAY (L),PAPER TRAY (L),condiment,2026-04-06,0.0,pcs,6 April 2026
TRAY MELAMIN,TRAY MELAMIN,condiment,2026-04-06,0.0,pcs,6 April 2026
PAPER WRAP,PAPER WRAP,condiment,2026-04-06,163.0,pcs,6 April 2026
PAPRIKA POWDER,PAPRIKA POWDER,food_main,2026-04-06,1371.0,g,6 April 2026
PARMESAN POWDER,PARMESAN POWDER,food_main,2026-04-06,1295.0,g,6 April 2026
PARSLEY KERING,PARSLEY KERING,food_main,2026-04-06,98.0,g,6 April 2026
PEACH BUAH KALENG,PEACH BUAH KALENG,beverage_main,2026-04-06,1460.0,g,6 April 2026
MONIN PEACH SYRUP,MONIN PEACH SYRUP,beverage_main,2026-04-06,0.0,ml,6 April 2026
PEANUT DRESSING,PEANUT DRESSING,sauce,2026-04-06,645.0,g,6 April 2026
PERISA RED PASTA,PERISA RED PASTA,food_main,2026-04-06,257.0,g,6 April 2026
PEWARNA KUNING,PEWARNA KUNING,food_main,2026-04-06,60.0,ml,6 April 2026
PICKLES,PICKLES,food_main,2026-04-06,1440.0,g,6 April 2026
PIRING ENAMEL,PIRING ENAMEL,condiment,2026-04-06,0.0,pcs,6 April 2026
PISANG,PISANG,beverage_main,2026-04-06,670.0,g,6 April 2026
PISAU STAINLESS,PISAU STAINLESS,condiment,2026-04-06,0.0,pcs,6 April 2026
RAISING CANE,RAISING CANE,sauce,2026-04-06,3040.0,g,6 April 2026
RED VELVET POWDER,RED VELVET POWDER,food_main,2026-04-06,314.0,g,6 April 2026
ROSEMARY POWDER,ROSEMARY POWDER,food_main,2026-04-06,230.0,g,6 April 2026
ROYCO AYAM,ROYCO AYAM,food_main,2026-04-06,592.0,g,6 April 2026
RUSSIAN DRESSING,Russian dressing,sauce,2026-04-06,425.0,g,6 April 2026
SABUN CUCI PIRING,SABUN CUCI PIRING,condiment,2026-04-06,5000.0,ml,6 April 2026
SALTED CARAMEL SYRUP,SALTED CARAMEL SYRUP,beverage_main,2026-04-06,452.0,ml,6 April 2026
SAOS SAMBAL,SAOS SAMBAL,food_main,2026-04-06,21200.0,g,6 April 2026
SAOS TOMAT,SAOS TOMAT,food_main,2026-04-06,2010.0,g,6 April 2026
SAUS TIRAM,SAUS TIRAM,food_main,2026-04-06,660.0,g,6 April 2026
SAYAP AYAM,SAYAP AYAM,food_main,2026-04-06,696.0,pcs,6 April 2026
SEDOTAN BESAR,SEDOTAN BESAR,condiment,2026-04-06,0.0,pcs,6 April 2026
SEDOTAN KECIL,SEDOTAN KECIL,condiment,2026-04-06,569.0,pcs,6 April 2026
SENDOK STAINLESS,SENDOK STAINLESS,condiment,2026-04-06,0.0,pcs,6 April 2026
SKM,SKM,condiment,2026-04-06,1891.0,ml,6 April 2026
PEANUT BUTTER,PEANUT BUTTER,beverage_main,2026-04-06,314.0,g,6 April 2026
SODA CHARGER,SODA CHARGER,beverage_main,2026-04-06,13.0,pcs,6 April 2026
SUNFLOWER OIL,SUNFLOWER OIL,food_main,2026-04-06,1092.0,ml,6 April 2026
SYRUP HAZELNUT,SYRUP HAZELNUT,food_main,2026-04-06,0.0,ml,6 April 2026
SYRUP RUM,SYRUP RUM,food_main,2026-04-06,0.0,ml,6 April 2026
TELUR AYAM,TELUR AYAM,food_main,2026-04-06,1906.0,g,6 April 2026
TEPUNG CAKRA KEMBAR,TEPUNG CAKRA KEMBAR,food_main,2026-04-06,9538.0,g,6 April 2026
TEPUNG ROTI,Tepung Roti,food_main,2026-04-06,394.0,g,6 April 2026
TEPUNG SEGITIGA BIRU,TEPUNG SEGITIGA BIRU,food_main,2026-04-06,3000.0,g,6 April 2026
TIKKA MASALA,Tikka masala,sauce,2026-04-06,935.0,g,6 April 2026
TISSUE HANDTOWEL,TISSUE HANDTOWEL,condiment,2026-04-06,25.0,pcs,6 April 2026
TISSUE MAKAN,TISSUE MAKAN,condiment,2026-04-06,36.0,pcs,6 April 2026
TISSUE ROLL,TISSUE ROLL,condiment,2026-04-06,46.0,pcs,6 April 2026
TOMAT FRESH,TOMAT FRESH,beverage_main,2026-04-06,169.0,g,6 April 2026
TOMATO PELLED,Tomato Pelled,food_main,2026-04-06,2500.0,g,6 April 2026
TRASH BAG,TRASH BAG,food_main,2026-04-06,2.0,pcs,6 April 2026
UNSALTED BUTTER (KG),UNSALTED BUTTER (KG),food_main,2026-04-06,129.0,g,6 April 2026
UNSALTED BUTTER PORTION,UNSALTED BUTTER PORTION,food_main,2026-04-06,58.0,pcs,6 April 2026
VANILLA SYRUP,VANILLA SYRUP,food_main,2026-04-06,123.0,ml,6 April 2026
COOKING CREAM,COOKING CREAM,food_main,2026-04-06,1658.0,ml,6 April 2026
WIJEN,WIJEN,beverage_main,2026-04-06,10.0,g,6 April 2026
SALMON,Salmon,food_main,2026-04-06,0.0,g,6 April 2026
PAPRIKA HIJAU,Paprika hijau,food_main,2026-04-06,485.0,g,6 April 2026
SRIRACHA SAOS,Sriracha saos,food_main,2026-04-06,215.0,g,6 April 2026
HANDGLOVES PLASTIK,Handgloves plastik,condiment,2026-04-06,42.0,pcs,6 April 2026
SAUS SACHET SAMBAL,Saus sachet sambal,food_main,2026-04-06,14.0,pcs,6 April 2026
CRUMBLE LOTUS,Crumble lotus,beverage_main,2026-04-06,0.0,g,6 April 2026
RICE VINEGAR,Rice vinegar,beverage_main,2026-04-06,0.0,ml,6 April 2026
SOY SAUCE,Soy sauce,beverage_main,2026-04-06,150.0,g,6 April 2026
KUBIS PUTIH,Kubis Putih,beverage_main,2026-04-06,2945.0,g,6 April 2026
KUBIS UNGU,Kubis Ungu,beverage_main,2026-04-06,1065.0,g,6 April 2026
KERTAS NASI,Kertas Nasi,condiment,2026-04-06,5062.0,pcs,6 April 2026
SALMON SANDWICH,Salmon sandwich,sauce,2026-04-06,0.0,g,6 April 2026
DAUN CURRY,Daun curry,food_main,2026-04-06,47.0,g,6 April 2026
ACAR ONION,Acar Onion,sauce,2026-04-06,1481.0,g,6 April 2026
ALAS KERTAS TRAY,Alas kertas tray,condiment,2026-04-06,70.0,pcs,6 April 2026
PEWARNA MERAH,Pewarna merah,beverage_main,2026-04-06,0.0,ml,6 April 2026
DR PEPPER ORIGINAL,Dr Pepper Original,beverage_main,2026-04-06,0.0,pcs,6 April 2026
DR PEPPER STRAWBERRY CREAM,Dr Pepper Strawberry cream,beverage_main,2026-04-06,0.0,pcs,6 April 2026
ESPRESSO,Espresso,beverage_main,2026-04-06,0.0,ml,6 April 2026
SPORK HITAM,Spork hitam,condiment,2026-04-06,303.0,pcs,6 April 2026
SAUCE MAC & CHEESE,Sauce Mac & Cheese,sauce,2026-04-06,375.0,g,6 April 2026
ITALIAN HERBS,Italian Herbs,food_main,2026-04-06,100.0,g,6 April 2026
CHILI FLAKE,Chili Flake,food_main,2026-04-06,278.0,g,6 April 2026
APPLE VINEGAR,Apple Vinegar,food_main,2026-04-06,0.0,ml,6 April 2026
LAJU KOPI,LAJU KOPI,other,2026-04-06,0.0,pcs,6 April 2026
BEANS HOT,Beans hot,beverage_main,2026-04-06,381.0,g,6 April 2026
BEANS ICE,Beans ice,beverage_main,2026-04-06,587.0,g,6 April 2026
SIRUP ALPEN,Sirup Alpen,beverage_main,2026-04-06,433.0,ml,6 April 2026
NIRA,Nira,beverage_main,2026-04-06,1609.0,ml,6 April 2026
CREAMER BUBUK,Creamer bubuk,beverage_main,2026-04-06,4225.0,g,6 April 2026
CREAMER CAIR,Creamer cair,beverage_main,2026-04-06,1120.0,ml,6 April 2026
UHT,UHT,beverage_main,2026-04-06,0.0,ml,6 April 2026
LEMON,Lemon,beverage_main,2026-04-06,1623.0,g,6 April 2026
TARO POWDER,Taro powder,beverage_main,2026-04-06,979.0,g,6 April 2026
KEJU POWDER,Keju powder,beverage_main,2026-04-06,464.0,g,6 April 2026
CUP LAJU,Cup laju,condiment,2026-04-06,89.0,pcs,6 April 2026
SEAL CUP,Seal cup,condiment,2026-04-06,1.0,pcs,6 April 2026
SKM,SKM,beverage_main,2026-04-06,490.0,g,6 April 2026
SEDOTAN,Sedotan,condiment,2026-04-06,339.0,pcs,6 April 2026
LIME POWDER,Lime Powder,beverage_main,2026-04-06,125.0,g,6 April 2026
MADU BOTOL,Madu botol,beverage_main,2026-04-06,706.0,g,6 April 2026
MINERAL WATER 600ML,MINERAL WATER 600ML,beverage_main,2026-05-04,55.0,pcs,4 Mei 2026
ADONAN WAFFLE,ADONAN WAFFLE,food_main,2026-05-04,5345.0,g,4 Mei 2026
APEL BUAH,APEL BUAH,food_main,2026-05-04,0.0,g,4 Mei 2026
APPLE CINNAMON,APPLE CINNAMON,food_main,2026-05-04,0.0,g,4 Mei 2026
APPLE SYRUP MONIN,Apple Syrup Monin,beverage_main,2026-05-04,2800.0,ml,4 Mei 2026
AW 250 ML,AW 250 ML,beverage_main,2026-05-04,0.0,pcs,4 Mei 2026
BORA 250ML,BORA 250ml,beverage_main,2026-05-04,49.0,pcs,4 Mei 2026
BACON,BACON,food_main,2026-05-04,0.0,g,4 Mei 2026
BAKING POWDER HERCULES,BAKING POWDER HERCULES,food_main,2026-05-04,294.0,g,4 Mei 2026
BAKING POWDER KOEPOE,BAKING POWDER KOEPOE,food_main,2026-05-04,0.0,g,4 Mei 2026
BAKING SODA KOEPOE,Baking Soda Koepoe,food_main,2026-05-04,748.0,g,4 Mei 2026
CREAM CHEESE,CREAM CHEESE,sauce,2026-05-04,1390.0,g,4 Mei 2026
BAWANG BOMBAY,BAWANG BOMBAY,food_main,2026-05-04,1900.0,g,4 Mei 2026
BAWANG BOMBAY MERAH,BAWANG BOMBAY MERAH,beverage_main,2026-05-04,0.0,g,4 Mei 2026
BAWANG MERAH,Bawang Merah,food_main,2026-05-04,0.0,g,4 Mei 2026
BAWANG PUTIH,BAWANG PUTIH,food_main,2026-05-04,1330.0,g,4 Mei 2026
BAYLEAF,BAYLEAF,food_main,2026-05-04,0.0,g,4 Mei 2026
BBQ,BBQ,sauce,2026-05-04,1497.0,g,4 Mei 2026
BERAS,BERAS,beverage_main,2026-05-04,2930.0,g,4 Mei 2026
BIG MAC,BIG MAC,sauce,2026-05-04,2400.0,g,4 Mei 2026
BLACK PAPER POWDER,BLACK PAPER POWDER,food_main,2026-05-04,1676.0,g,4 Mei 2026
BLACK TEA,BLACK TEA,beverage_main,2026-05-04,1813.0,g,4 Mei 2026
BOX CHICKEN WAFFLE (L),BOX CHICKEN WAFFLE (L),condiment,2026-05-04,994.0,pcs,4 Mei 2026
BOX SANDWHICH (M),BOX SANDWHICH (M),condiment,2026-05-04,42.0,pcs,4 Mei 2026
BOX NASI,BOX NASI,condiment,2026-05-04,173.0,pcs,4 Mei 2026
BROWN SUGAR,Brown Sugar,food_main,2026-05-04,1636.0,g,4 Mei 2026
BROWN TOAST,Brown Toast,food_main,2026-05-04,4.0,pcs,4 Mei 2026
BUFFALO,BUFFALO,sauce,2026-05-04,2236.0,g,4 Mei 2026
BUMBU NASHVILLE KERING,BUMBU NASHVILLE KERING,beverage_main,2026-05-04,1545.0,g,4 Mei 2026
BUMBU TEPUNG AYAM,BUMBU TEPUNG AYAM,beverage_main,2026-05-04,1360.0,g,4 Mei 2026
BURGER BUN,BURGER BUN,food_main,2026-05-04,2.0,pcs,4 Mei 2026
CABAI TEROPONG HIJAU,CABAI TEROPONG HIJAU,food_main,2026-05-04,445.0,g,4 Mei 2026
CABAI RAWIT,CABAI RAWIT,food_main,2026-05-04,890.0,g,4 Mei 2026
CARAMEL SAUCE,CARAMEL SAUCE,beverage_main,2026-05-04,763.0,ml,4 Mei 2026
CAYENNE POWDER,CAYENNE POWDER,food_main,2026-05-04,2687.0,g,4 Mei 2026
CHEDDAR BLOCK,CHEDDAR BLOCK,food_main,2026-05-04,0.0,g,4 Mei 2026
CHILLI POWDER YUTAKACHI,CHILLI POWDER YUTAKACHI,food_main,2026-05-04,0.0,g,4 Mei 2026
CHIPOTLE KALENG,Chipotle kaleng,food_main,2026-05-04,1433.0,g,4 Mei 2026
CHIPOTLE DRESSING,Chipotle dressing,sauce,2026-05-04,420.0,g,4 Mei 2026
CINNAMON POWDER,CINNAMON POWDER,food_main,2026-05-04,148.0,g,4 Mei 2026
COKLAT POWDER,COKLAT POWDER,food_main,2026-05-04,270.0,g,4 Mei 2026
COLA 250 ML,COLA 250 ML,beverage_main,2026-05-04,47.0,pcs,4 Mei 2026
COLATTA CHOCOCHIPS,COLATTA CHOCOCHIPS,food_main,2026-05-04,546.0,g,4 Mei 2026
COLESLAW,COLESLAW,beverage_main,2026-05-04,200.0,g,4 Mei 2026
CUKA,CUKA,food_main,2026-05-04,2600.0,pcs,4 Mei 2026
CUP 14 OZ,CUP 14 OZ,condiment,2026-05-04,765.0,pcs,4 Mei 2026
CUP ICE CREAM LAR,CUP ICE CREAM Lar,condiment,2026-05-04,1480.0,pcs,4 Mei 2026
CUP SAOS PLASTIK 35 ML,CUP SAOS PLASTIK 35 ML,condiment,2026-05-04,0.0,pcs,4 Mei 2026
CUP SAOS PLASTIK 60 ML,CUP SAOS PLASTIK 60 ML,condiment,2026-05-04,90.0,pcs,4 Mei 2026
CUP SAOS STAINLESS,CUP SAOS STAINLESS,condiment,2026-05-04,15.0,pcs,4 Mei 2026
CURRY HIJAU,CURRY HIJAU,sauce,2026-05-04,515.0,g,4 Mei 2026
CREAMER,CREAMER,condiment,2026-05-04,136.0,g,4 Mei 2026
CREAMY BUTTERMILK SAUCE,CREAMY BUTTERMILK SAUCE,sauce,2026-05-04,0.0,ml,4 Mei 2026
CREAMY LEMON GARLIC,CREAMY LEMON GARLIC,sauce,2026-05-04,1805.0,pcs,4 Mei 2026
CHICKEN SANDWICH,CHICKEN SANDWICH,sauce,2026-05-04,430.0,g,4 Mei 2026
DADA AYAM,DADA AYAM,food_main,2026-05-04,9180.0,g,4 Mei 2026
DAUN JERUK,DAUN JERUK,food_main,2026-05-04,0.0,g,4 Mei 2026
DAUN KETUMBAR,Daun Ketumbar,food_main,2026-05-04,220.0,g,4 Mei 2026
DELIVERY BAG IDOLA 15,DELIVERY BAG IDOLA 15,condiment,2026-05-04,32.0,pcs,4 Mei 2026
DELIVERY BAG IDOLA 30,DELIVERY BAG IDOLA 30,condiment,2026-05-04,240.0,pcs,4 Mei 2026
DELIVERY BAG IDOLA 24,DELIVERY BAG IDOLA 24,condiment,2026-05-04,135.0,pcs,4 Mei 2026
DELIVERY BAG PARTY 20,DELIVERY BAG PARTY 20,condiment,2026-05-04,0.0,pcs,4 Mei 2026
DELIVERY BAG PARTY 28,DELIVERY BAG PARTY 28,condiment,2026-05-04,146.0,pcs,4 Mei 2026
DIAMOND ICE CREAM VANILLA,DIAMOND ICE CREAM VANILLA,beverage_main,2026-05-04,2660.0,ml,4 Mei 2026
DIAMOND SOFT MIX CHOCOLATE,DIAMOND SOFT MIX CHOCOLATE,beverage_main,2026-05-04,0.0,ml,4 Mei 2026
DIAMOND SOFT MIX VANILLA,DIAMOND SOFT MIX VANILLA,beverage_main,2026-05-04,0.0,ml,4 Mei 2026
DIAMOND UHT,DIAMOND UHT,food_main,2026-05-04,12000.0,pcs,4 Mei 2026
DIAMOND UHT COKLAT,DIAMOND UHT COKLAT,food_main,2026-05-04,2900.0,ml,4 Mei 2026
EMAKU KOREAN SPICY,EMAKU KOREAN SPICY,food_main,2026-05-04,8.0,g,4 Mei 2026
ES BATU,Es Batu,beverage_main,2026-05-04,8000.0,g,4 Mei 2026
FF CRISSCUT,FF CRISSCUT,food_main,2026-05-04,0.0,g,4 Mei 2026
FF STRAIGH CUT,FF STRAIGH CUT,food_main,2026-05-04,9295.0,g,4 Mei 2026
FLOOR CLEANER,FLOOR CLEANER,condiment,2026-05-04,0.0,ml,4 Mei 2026
GALON,GALON,beverage_main,2026-05-04,38000.0,ml,4 Mei 2026
GARAM,GARAM,food_main,2026-05-04,9709.0,g,4 Mei 2026
GARAM MASALA,Garam Masala,food_main,2026-05-04,74.0,g,4 Mei 2026
GARLIC PARMESAN,GARLIC PARMESAN,sauce,2026-05-04,90.0,g,4 Mei 2026
GARLIC POWDER,GARLIC POWDER,food_main,2026-05-04,2989.0,g,4 Mei 2026
GARPU STAINLESS,GARPU STAINLESS,condiment,2026-05-04,0.0,pcs,4 Mei 2026
GAS 50 KG,GAS 50 KG,condiment,2026-05-04,2.0,pcs,4 Mei 2026
GINGER POWDER,GINGER POWDER,food_main,2026-05-04,0.0,g,4 Mei 2026
GLASS CLEANER,GLASS CLEANER,condiment,2026-05-04,600.0,ml,4 Mei 2026
GULA CAIR,GULA CAIR,food_main,2026-05-04,6500.0,g,4 Mei 2026
GULA PASIR,GULA PASIR,food_main,2026-05-04,1246.0,g,4 Mei 2026
HAND SOAP,HAND SOAP,condiment,2026-05-04,13386.0,ml,4 Mei 2026
KIKKOMAN KOREAN CHILLI GOCHUJANG,KIKKOMAN KOREAN CHILLI GOCHUJANG,food_main,2026-05-04,0.0,g,4 Mei 2026
HONEY CHILI,HONEY CHILI,sauce,2026-05-04,0.0,g,4 Mei 2026
HORLIC POWDER,HORLIC POWDER,beverage_main,2026-05-04,0.0,g,4 Mei 2026
HOT SPICY,HOT SPICY,sauce,2026-05-04,2658.0,g,4 Mei 2026
HOT CREAMY GARLIC,HOT CREAMY GARLIC,sauce,2026-05-04,865.0,g,4 Mei 2026
JINTEN POWDER,JINTEN POWDER,food_main,2026-05-04,1619.0,g,4 Mei 2026
KECAP INGGRIS,KECAP INGGRIS,food_main,2026-05-04,94.0,g,4 Mei 2026
KEJU SLICE,KEJU SLICE,food_main,2026-05-04,84.0,pcs,4 Mei 2026
KETUMBAR POWDER,KETUMBAR POWDER,food_main,2026-05-04,170.0,g,4 Mei 2026
KNORR BEEF POWDER,KNORR BEEF POWDER,food_main,2026-05-04,0.0,g,4 Mei 2026
KNORR CHEESE,Knorr cheese,food_main,2026-05-04,88.0,g,4 Mei 2026
KUNYIT POWDER,Kunyit Powder,food_main,2026-05-04,137.0,g,4 Mei 2026
LAROME VANILLA POWDER,LAROME VANILLA POWDER,food_main,2026-05-04,1250.0,g,4 Mei 2026
LADA PUTIH,LADA PUTIH,food_main,2026-05-04,0.0,g,4 Mei 2026
LEMON,Lemon,food_main,2026-05-04,1311.0,g,4 Mei 2026
LETTUCE,LETTUCE,food_main,2026-05-04,710.0,g,4 Mei 2026
LID CUP 14 OZ,LID CUP 14 OZ,condiment,2026-05-04,2240.0,pcs,4 Mei 2026
LID ICE CREAM LAR,LID ICE CREAM Lar,condiment,2026-05-04,1737.0,pcs,4 Mei 2026
LIQUID SMOKE,LIQUID SMOKE,food_main,2026-05-04,2000.0,ml,4 Mei 2026
LOTUS BISCOFF,LOTUS BISCOFF,beverage_main,2026-05-04,260.0,g,4 Mei 2026
MADU,MADU,food_main,2026-05-04,2400.0,g,4 Mei 2026
MAIZENA,MAIZENA,food_main,2026-05-04,2354.0,g,4 Mei 2026
MAKARONI,MAKARONI,food_main,2026-05-04,2920.0,g,4 Mei 2026
HOT LAVA SAUCE,HOT LAVA SAUCE,food_main,2026-05-04,2066.0,g,4 Mei 2026
MANGKOK ENAMEL,MANGKOK ENAMEL,condiment,2026-05-04,4.0,pcs,4 Mei 2026
MAPPLE SYRUP,MAPPLE SYRUP,food_main,2026-05-04,25920.0,ml,4 Mei 2026
MARINASI BUTTERMILK,MARINASI BUTTERMILK,marinade,2026-05-04,0.0,g,4 Mei 2026
MARINASI NASVILE,MARINASI NASVILE,marinade,2026-05-04,0.0,g,4 Mei 2026
MAYONAISE KEWPIE,Mayonaise Kewpie,food_main,2026-05-04,2910.0,g,4 Mei 2026
MC LEWIS MAYONAISE,MC Lewis Mayonaise,food_main,2026-05-04,3345.0,g,4 Mei 2026
MICIN,MICIN,food_main,2026-05-04,1203.0,g,4 Mei 2026
MINYAK GORENG,MINYAK GORENG,food_main,2026-05-04,35000.0,pcs,4 Mei 2026
YELLOW MUSTARD,YELLOW MUSTARD,food_main,2026-05-04,1386.0,g,4 Mei 2026
NUTELLA,NUTELLA,beverage_main,2026-05-04,3000.0,g,4 Mei 2026
OAT,OAT,food_main,2026-05-04,0.0,g,4 Mei 2026
ONION POWDER,ONION POWDER,food_main,2026-05-04,108.0,g,4 Mei 2026
PAHA ATAS,PAHA ATAS,food_main,2026-05-04,22.0,pcs,4 Mei 2026
PAHA BAWAH,PAHA BAWAH,food_main,2026-05-04,33.0,pcs,4 Mei 2026
PALA POWDER,PALA POWDER,food_main,2026-05-04,347.0,g,4 Mei 2026
PAPER BAG MERAH,PAPER BAG MERAH,condiment,2026-05-04,0.0,pcs,4 Mei 2026
PAPER BAG PUTIH,PAPER BAG PUTIH,condiment,2026-05-04,250.0,pcs,4 Mei 2026
PAPER TRAY (L),PAPER TRAY (L),condiment,2026-05-04,0.0,pcs,4 Mei 2026
TRAY MELAMIN,TRAY MELAMIN,condiment,2026-05-04,17.0,pcs,4 Mei 2026
PAPER WRAP,PAPER WRAP,condiment,2026-05-04,4286.0,pcs,4 Mei 2026
PAPRIKA POWDER,PAPRIKA POWDER,food_main,2026-05-04,287.0,g,4 Mei 2026
PARMESAN POWDER,PARMESAN POWDER,food_main,2026-05-04,1850.0,g,4 Mei 2026
PARSLEY KERING,PARSLEY KERING,food_main,2026-05-04,317.0,g,4 Mei 2026
PEACH BUAH KALENG,PEACH BUAH KALENG,beverage_main,2026-05-04,2700.0,g,4 Mei 2026
MONIN PEACH SYRUP,MONIN PEACH SYRUP,beverage_main,2026-05-04,3748.0,ml,4 Mei 2026
PEANUT DRESSING,PEANUT DRESSING,sauce,2026-05-04,505.0,g,4 Mei 2026
PERISA RED PASTA,PERISA RED PASTA,food_main,2026-05-04,100.0,g,4 Mei 2026
PEWARNA KUNING,PEWARNA KUNING,food_main,2026-05-04,0.0,ml,4 Mei 2026
PICKLES,PICKLES,food_main,2026-05-04,182.0,g,4 Mei 2026
PIRING ENAMEL,PIRING ENAMEL,condiment,2026-05-04,41.0,pcs,4 Mei 2026
PISANG,PISANG,beverage_main,2026-05-04,920.0,g,4 Mei 2026
PISAU STAINLESS,PISAU STAINLESS,condiment,2026-05-04,0.0,pcs,4 Mei 2026
RAISING CANE,RAISING CANE,sauce,2026-05-04,3225.0,g,4 Mei 2026
RED VELVET POWDER,RED VELVET POWDER,food_main,2026-05-04,882.0,g,4 Mei 2026
ROSEMARY POWDER,ROSEMARY POWDER,food_main,2026-05-04,80.0,g,4 Mei 2026
ROYCO AYAM,ROYCO AYAM,food_main,2026-05-04,475.0,g,4 Mei 2026
RUSSIAN DRESSING,Russian dressing,sauce,2026-05-04,280.0,g,4 Mei 2026
SABUN CUCI PIRING,SABUN CUCI PIRING,condiment,2026-05-04,0.0,ml,4 Mei 2026
SALTED CARAMEL SYRUP,SALTED CARAMEL SYRUP,beverage_main,2026-05-04,295.0,ml,4 Mei 2026
SAOS SAMBAL,SAOS SAMBAL,food_main,2026-05-04,11200.0,g,4 Mei 2026
SAOS TOMAT,SAOS TOMAT,food_main,2026-05-04,11400.0,g,4 Mei 2026
SAUS TIRAM,SAUS TIRAM,food_main,2026-05-04,256.0,g,4 Mei 2026
SAYAP AYAM,SAYAP AYAM,food_main,2026-05-04,174.0,pcs,4 Mei 2026
SEDOTAN BESAR,SEDOTAN BESAR,condiment,2026-05-04,0.0,pcs,4 Mei 2026
SEDOTAN KECIL,SEDOTAN KECIL,condiment,2026-05-04,453.0,pcs,4 Mei 2026
SENDOK STAINLESS,SENDOK STAINLESS,condiment,2026-05-04,0.0,pcs,4 Mei 2026
SKM,SKM,condiment,2026-05-04,1276.0,ml,4 Mei 2026
PEANUT BUTTER,PEANUT BUTTER,beverage_main,2026-05-04,505.0,g,4 Mei 2026
SODA CHARGER,SODA CHARGER,beverage_main,2026-05-04,23.0,pcs,4 Mei 2026
SUNFLOWER OIL,SUNFLOWER OIL,food_main,2026-05-04,5000.0,ml,4 Mei 2026
SYRUP HAZELNUT,SYRUP HAZELNUT,food_main,2026-05-04,0.0,ml,4 Mei 2026
SYRUP RUM,SYRUP RUM,food_main,2026-05-04,0.0,ml,4 Mei 2026
TELUR AYAM,TELUR AYAM,food_main,2026-05-04,8064.0,g,4 Mei 2026
TEPUNG CAKRA KEMBAR,TEPUNG CAKRA KEMBAR,food_main,2026-05-04,3000.0,g,4 Mei 2026
TEPUNG ROTI,Tepung Roti,food_main,2026-05-04,0.0,g,4 Mei 2026
TEPUNG SEGITIGA BIRU,TEPUNG SEGITIGA BIRU,food_main,2026-05-04,7854.0,g,4 Mei 2026
TIKKA MASALA,Tikka masala,sauce,2026-05-04,187.0,g,4 Mei 2026
TISSUE HANDTOWEL,TISSUE HANDTOWEL,condiment,2026-05-04,54.0,pcs,4 Mei 2026
TISSUE MAKAN,TISSUE MAKAN,condiment,2026-05-04,39.0,pcs,4 Mei 2026
TISSUE ROLL,TISSUE ROLL,condiment,2026-05-04,33.0,pcs,4 Mei 2026
TOMAT FRESH,TOMAT FRESH,beverage_main,2026-05-04,0.0,g,4 Mei 2026
TOMATO PELLED,Tomato Pelled,food_main,2026-05-04,2500.0,g,4 Mei 2026
TRASH BAG,TRASH BAG,food_main,2026-05-04,4.0,pcs,4 Mei 2026
UNSALTED BUTTER (KG),UNSALTED BUTTER (KG),food_main,2026-05-04,2495.0,g,4 Mei 2026
UNSALTED BUTTER PORTION,UNSALTED BUTTER PORTION,food_main,2026-05-04,25.0,pcs,4 Mei 2026
VANILLA SYRUP,VANILLA SYRUP,food_main,2026-05-04,490.0,ml,4 Mei 2026
COOKING CREAM,COOKING CREAM,food_main,2026-05-04,2000.0,ml,4 Mei 2026
WIJEN,WIJEN,beverage_main,2026-05-04,164.0,g,4 Mei 2026
SALMON,Salmon,food_main,2026-05-04,0.0,g,4 Mei 2026
PAPRIKA HIJAU,Paprika hijau,food_main,2026-05-04,175.0,g,4 Mei 2026
SRIRACHA SAOS,Sriracha saos,food_main,2026-05-04,215.0,g,4 Mei 2026
HANDGLOVES PLASTIK,Handgloves plastik,condiment,2026-05-04,15.0,pcs,4 Mei 2026
SAUS SACHET SAMBAL,Saus sachet sambal,food_main,2026-05-04,221.0,pcs,4 Mei 2026
CRUMBLE LOTUS,Crumble lotus,beverage_main,2026-05-04,0.0,g,4 Mei 2026
RICE VINEGAR,Rice vinegar,beverage_main,2026-05-04,0.0,ml,4 Mei 2026
SOY SAUCE,Soy sauce,beverage_main,2026-05-04,75.0,g,4 Mei 2026
KUBIS PUTIH,Kubis Putih,beverage_main,2026-05-04,1695.0,g,4 Mei 2026
KUBIS UNGU,Kubis Ungu,beverage_main,2026-05-04,965.0,g,4 Mei 2026
KERTAS NASI,Kertas Nasi,condiment,2026-05-04,5098.0,pcs,4 Mei 2026
SALMON SANDWICH,Salmon sandwich,sauce,2026-05-04,0.0,g,4 Mei 2026
DAUN CURRY,Daun curry,food_main,2026-05-04,0.0,g,4 Mei 2026
ACAR ONION,Acar Onion,sauce,2026-05-04,0.0,g,4 Mei 2026
ALAS KERTAS TRAY,Alas kertas tray,condiment,2026-05-04,0.0,pcs,4 Mei 2026
PEWARNA MERAH,Pewarna merah,beverage_main,2026-05-04,0.0,ml,4 Mei 2026
DR PEPPER ORIGINAL,Dr Pepper Original,beverage_main,2026-05-04,0.0,pcs,4 Mei 2026
DR PEPPER STRAWBERRY CREAM,Dr Pepper Strawberry cream,beverage_main,2026-05-04,0.0,pcs,4 Mei 2026
ESPRESSO,Espresso,beverage_main,2026-05-04,0.0,ml,4 Mei 2026
SPORK HITAM,Spork hitam,condiment,2026-05-04,241.0,pcs,4 Mei 2026
SAUCE MAC & CHEESE,Sauce Mac & Cheese,sauce,2026-05-04,490.0,g,4 Mei 2026
ITALIAN HERBS,Italian Herbs,food_main,2026-05-04,96.0,g,4 Mei 2026
CHILI FLAKE,Chili Flake,food_main,2026-05-04,276.0,g,4 Mei 2026
APPLE VINEGAR,Apple Vinegar,food_main,2026-05-04,0.0,ml,4 Mei 2026
UNCLE MASALA,UNCLE MASALA,other,2026-05-04,0.0,pcs,4 Mei 2026
MIE,Mie,food_main,2026-05-04,36.0,pcs,4 Mei 2026
SANTAN,Santan,food_main,2026-05-04,1000.0,ml,4 Mei 2026
RUMPUT LAUT,Rumput laut,food_main,2026-05-04,36.0,g,4 Mei 2026
KAPULAGA,Kapulaga,food_main,2026-05-04,53.0,g,4 Mei 2026
LADA SZECHUAN,Lada szechuan,food_main,2026-05-04,91.0,g,4 Mei 2026
TERASI UDANG,Terasi udang,food_main,2026-05-04,89.0,g,4 Mei 2026
MOZZARELLA,Mozzarella,food_main,2026-05-04,5725.0,g,4 Mei 2026
CEKER AYAM,Ceker Ayam,food_main,2026-05-04,2130.0,g,4 Mei 2026
PARSLEY FRESH,Parsley Fresh,food_main,2026-05-04,330.0,g,4 Mei 2026
WORTEL,Wortel,food_main,2026-05-04,300.0,g,4 Mei 2026
SUMPIT KAYU,Sumpit Kayu,condiment,2026-05-04,99.0,pcs,4 Mei 2026
CENGKEH,Cengkeh,food_main,2026-05-04,50.0,g,4 Mei 2026
SEREH,Sereh,food_main,2026-05-04,25.0,g,4 Mei 2026
DAUN SALAM,Daun salam,food_main,2026-05-04,30.0,g,4 Mei 2026
TELUR OMEGA,Telur omega,food_main,2026-05-04,7.0,pcs,4 Mei 2026
OREGANO,Oregano,food_main,2026-05-04,16.0,g,4 Mei 2026
CUP 150 ML,Cup 150 ml,condiment,2026-05-04,25.0,pcs,4 Mei 2026
TUTUP BOWL,Tutup bowl,condiment,2026-05-04,47.0,pcs,4 Mei 2026
BOWL KERTAS,Bowl Kertas,condiment,2026-05-04,47.0,pcs,4 Mei 2026
LAJU KOPI,LAJU KOPI,other,2026-05-04,0.0,pcs,4 Mei 2026
BEANS HOT,Beans hot,beverage_main,2026-05-04,100.0,g,4 Mei 2026
BEANS ICE,Beans ice,beverage_main,2026-05-04,0.0,g,4 Mei 2026
SIRUP ALPEN,Sirup Alpen,beverage_main,2026-05-04,220.0,ml,4 Mei 2026
NIRA,Nira,beverage_main,2026-05-04,1250.0,ml,4 Mei 2026
CREAMER BUBUK,Creamer bubuk,beverage_main,2026-05-04,1000.0,g,4 Mei 2026
CREAMER CAIR,Creamer cair,beverage_main,2026-05-04,360.0,ml,4 Mei 2026
UHT,UHT,beverage_main,2026-05-04,0.0,ml,4 Mei 2026
LEMON,Lemon,beverage_main,2026-05-04,0.0,g,4 Mei 2026
TARO POWDER,Taro powder,beverage_main,2026-05-04,253.0,g,4 Mei 2026
KEJU POWDER,Keju powder,beverage_main,2026-05-04,130.0,g,4 Mei 2026
CUP LAJU,Cup laju,condiment,2026-05-04,26.0,pcs,4 Mei 2026
SEAL CUP,Seal cup,condiment,2026-05-04,1.0,pcs,4 Mei 2026
SKM,SKM,beverage_main,2026-05-04,488.0,g,4 Mei 2026
SEDOTAN,Sedotan,condiment,2026-05-04,0.0,pcs,4 Mei 2026
LIME POWDER,Lime Powder,beverage_main,2026-05-04,0.0,g,4 Mei 2026
MADU BOTOL,Madu botol,beverage_main,2026-05-04,750.0,g,4 Mei 2026
MINERAL WATER 600ML,MINERAL WATER 600ML,beverage_main,2026-06-04,8.0,pcs,4 Juni 2026
ADONAN WAFFLE,ADONAN WAFFLE,food_main,2026-06-04,2220.0,g,4 Juni 2026
APPLE SYRUP MONIN,Apple Syrup Monin,beverage_main,2026-06-04,2361.0,ml,4 Juni 2026
AW 250 ML,AW 250 ML,beverage_main,2026-06-04,0.0,pcs,4 Juni 2026
BORA 250ML,BORA 250ml,beverage_main,2026-06-04,25.0,pcs,4 Juni 2026
BAKING POWDER HERCULES,BAKING POWDER HERCULES,food_main,2026-06-04,705.0,g,4 Juni 2026
BAKING POWDER KOEPOE,BAKING POWDER KOEPOE,food_main,2026-06-04,1000.0,g,4 Juni 2026
BAKING SODA KOEPOE,Baking Soda Koepoe,food_main,2026-06-04,0.0,g,4 Juni 2026
CREAM CHEESE,CREAM CHEESE,sauce,2026-06-04,325.0,g,4 Juni 2026
BAWANG BOMBAY,BAWANG BOMBAY,food_main,2026-06-04,1707.0,g,4 Juni 2026
BAWANG BOMBAY MERAH,BAWANG BOMBAY MERAH,beverage_main,2026-06-04,0.0,g,4 Juni 2026
BAYLEAF,BAYLEAF,food_main,2026-06-04,25.0,g,4 Juni 2026
BERAS,BERAS,beverage_main,2026-06-04,3217.0,g,4 Juni 2026
BIG MAC,BIG MAC,sauce,2026-06-04,864.0,g,4 Juni 2026
BLACK PAPER POWDER,BLACK PAPER POWDER,food_main,2026-06-04,553.0,g,4 Juni 2026
BLACK TEA,BLACK TEA,beverage_main,2026-06-04,1306.0,g,4 Juni 2026
BOX CHICKEN WAFFLE (L),BOX CHICKEN WAFFLE (L),condiment,2026-06-04,787.0,pcs,4 Juni 2026
BOX SANDWHICH (M),BOX SANDWHICH (M),condiment,2026-06-04,257.0,pcs,4 Juni 2026
BOX NASI,BOX NASI,condiment,2026-06-04,180.0,pcs,4 Juni 2026
BROWN SUGAR,Brown Sugar,food_main,2026-06-04,2000.0,g,4 Juni 2026
BUFFALO,BUFFALO,sauce,2026-06-04,920.0,g,4 Juni 2026
BUMBU NASHVILLE KERING,BUMBU NASHVILLE KERING,beverage_main,2026-06-04,461.0,g,4 Juni 2026
BUMBU TEPUNG AYAM,BUMBU TEPUNG AYAM,beverage_main,2026-06-04,515.0,g,4 Juni 2026
BURGER BUN,BURGER BUN,food_main,2026-06-04,4.0,pcs,4 Juni 2026
CABAI TEROPONG HIJAU,CABAI TEROPONG HIJAU,food_main,2026-06-04,215.0,g,4 Juni 2026
CABAI RAWIT,CABAI RAWIT,food_main,2026-06-04,240.0,g,4 Juni 2026
CARAMEL SAUCE,CARAMEL SAUCE,beverage_main,2026-06-04,1071.0,ml,4 Juni 2026
CAYENNE POWDER,CAYENNE POWDER,food_main,2026-06-04,1898.0,g,4 Juni 2026
CHEDDAR BLOCK,CHEDDAR BLOCK,food_main,2026-06-04,2000.0,g,4 Juni 2026
CHILLI POWDER YUTAKACHI,CHILLI POWDER YUTAKACHI,food_main,2026-06-04,0.0,g,4 Juni 2026
CHIPOTLE KALENG,Chipotle kaleng,food_main,2026-06-04,705.0,g,4 Juni 2026
CHIPOTLE DRESSING,Chipotle dressing,sauce,2026-06-04,755.0,g,4 Juni 2026
CINNAMON POWDER,CINNAMON POWDER,food_main,2026-06-04,144.0,g,4 Juni 2026
COKLAT POWDER,COKLAT POWDER,food_main,2026-06-04,240.0,g,4 Juni 2026
COLA 250 ML,COLA 250 ML,beverage_main,2026-06-04,0.0,pcs,4 Juni 2026
COLATTA CHOCOCHIPS,COLATTA CHOCOCHIPS,food_main,2026-06-04,500.0,g,4 Juni 2026
COLESLAW,COLESLAW,beverage_main,2026-06-04,1113.0,g,4 Juni 2026
CUKA,CUKA,food_main,2026-06-04,1300.0,pcs,4 Juni 2026
CUP 14 OZ,CUP 14 OZ,condiment,2026-06-04,114.0,pcs,4 Juni 2026
CUP ICE CREAM LAR,CUP ICE CREAM Lar,condiment,2026-06-04,1122.0,pcs,4 Juni 2026
CUP SAOS PLASTIK 35 ML,CUP SAOS PLASTIK 35 ML,condiment,2026-06-04,379.0,pcs,4 Juni 2026
CUP SAOS PLASTIK 60 ML,CUP SAOS PLASTIK 60 ML,condiment,2026-06-04,36.0,pcs,4 Juni 2026
CUP SAOS STAINLESS,CUP SAOS STAINLESS,condiment,2026-06-04,0.0,pcs,4 Juni 2026
CURRY HIJAU,CURRY HIJAU,sauce,2026-06-04,490.0,g,4 Juni 2026
CREAMER,CREAMER,condiment,2026-06-04,134.0,g,4 Juni 2026
DADA AYAM MARINASI,DADA AYAM MARINASI,food_main,2026-06-04,11665.0,g,4 Juni 2026
DAUN KETUMBAR,Daun Ketumbar,food_main,2026-06-04,95.0,g,4 Juni 2026
DELIVERY BAG IDOLA 15,DELIVERY BAG IDOLA 15,condiment,2026-06-04,100.0,pcs,4 Juni 2026
DELIVERY BAG IDOLA 30,DELIVERY BAG IDOLA 30,condiment,2026-06-04,50.0,pcs,4 Juni 2026
DELIVERY BAG IDOLA 24,DELIVERY BAG IDOLA 24,condiment,2026-06-04,18.0,pcs,4 Juni 2026
DELIVERY BAG PARTY 20,DELIVERY BAG PARTY 20,condiment,2026-06-04,0.0,pcs,4 Juni 2026
DELIVERY BAG PARTY 28,DELIVERY BAG PARTY 28,condiment,2026-06-04,7.0,pcs,4 Juni 2026
ICE CREAM VANILLA,ICE CREAM VANILLA,beverage_main,2026-06-04,8000.0,ml,4 Juni 2026
DIAMOND UHT,DIAMOND UHT,food_main,2026-06-04,8000.0,pcs,4 Juni 2026
DIAMOND UHT COKLAT,DIAMOND UHT COKLAT,food_main,2026-06-04,2300.0,ml,4 Juni 2026
EMAKU KOREAN SPICY,EMAKU KOREAN SPICY,food_main,2026-06-04,0.0,g,4 Juni 2026
ES BATU,Es Batu,beverage_main,2026-06-04,77.0,g,4 Juni 2026
FF CRISSCUT,FF CRISSCUT,food_main,2026-06-04,5985.0,g,4 Juni 2026
FF STRAIGH CUT,FF STRAIGH CUT,food_main,2026-06-04,5150.0,g,4 Juni 2026
FLOOR CLEANER,FLOOR CLEANER,condiment,2026-06-04,0.0,ml,4 Juni 2026
GALON,GALON,beverage_main,2026-06-04,36000.0,ml,4 Juni 2026
GARAM,GARAM,food_main,2026-06-04,11530.0,g,4 Juni 2026
GARAM MASALA,Garam Masala,food_main,2026-06-04,299.0,g,4 Juni 2026
GARLIC POWDER,GARLIC POWDER,food_main,2026-06-04,1139.0,g,4 Juni 2026
GARPU STAINLESS,GARPU STAINLESS,condiment,2026-06-04,0.0,pcs,4 Juni 2026
GAS 50 KG,GAS 50 KG,condiment,2026-06-04,1.0,pcs,4 Juni 2026
GINGER POWDER,GINGER POWDER,food_main,2026-06-04,128.0,g,4 Juni 2026
GLASS CLEANER,GLASS CLEANER,condiment,2026-06-04,0.0,ml,4 Juni 2026
GULA CAIR,GULA CAIR,food_main,2026-06-04,776.0,g,4 Juni 2026
GULA PASIR,GULA PASIR,food_main,2026-06-04,465.0,g,4 Juni 2026
HAND SOAP,HAND SOAP,condiment,2026-06-04,17500.0,ml,4 Juni 2026
HOT SPICY,HOT SPICY,sauce,2026-06-04,956.0,g,4 Juni 2026
JINTEN POWDER,JINTEN POWDER,food_main,2026-06-04,842.0,g,4 Juni 2026
KECAP INGGRIS,KECAP INGGRIS,food_main,2026-06-04,504.0,g,4 Juni 2026
KEJU SLICE,KEJU SLICE,food_main,2026-06-04,96.0,pcs,4 Juni 2026
KETUMBAR POWDER,KETUMBAR POWDER,food_main,2026-06-04,915.0,g,4 Juni 2026
KNORR BEEF POWDER,KNORR BEEF POWDER,food_main,2026-06-04,0.0,g,4 Juni 2026
KNORR CHEESE,Knorr cheese,food_main,2026-06-04,740.0,g,4 Juni 2026
KUNYIT POWDER,Kunyit Powder,food_main,2026-06-04,40.0,g,4 Juni 2026
LAROME VANILLA POWDER,LAROME VANILLA POWDER,food_main,2026-06-04,1605.0,g,4 Juni 2026
LEMON,Lemon,food_main,2026-06-04,0.0,g,4 Juni 2026
LETTUCE,LETTUCE,food_main,2026-06-04,1385.0,g,4 Juni 2026
LID CUP 14 OZ,LID CUP 14 OZ,condiment,2026-06-04,1004.0,pcs,4 Juni 2026
LID ICE CREAM LAR,LID ICE CREAM Lar,condiment,2026-06-04,2178.0,pcs,4 Juni 2026
LIQUID SMOKE,LIQUID SMOKE,food_main,2026-06-04,2000.0,ml,4 Juni 2026
LOTUS BISCOFF,LOTUS BISCOFF,beverage_main,2026-06-04,836.0,g,4 Juni 2026
MADU,MADU,food_main,2026-06-04,2172.0,g,4 Juni 2026
MAIZENA,MAIZENA,food_main,2026-06-04,5962.0,g,4 Juni 2026
MAKARONI,MAKARONI,food_main,2026-06-04,4958.0,g,4 Juni 2026
HOT LAVA SAUCE,HOT LAVA SAUCE,food_main,2026-06-04,2065.0,g,4 Juni 2026
MANGKOK ENAMEL,MANGKOK ENAMEL,condiment,2026-06-04,0.0,pcs,4 Juni 2026
MAPPLE SYRUP,MAPPLE SYRUP,food_main,2026-06-04,2210.0,ml,4 Juni 2026
MARINASI BUTTERMILK,MARINASI BUTTERMILK,marinade,2026-06-04,0.0,g,4 Juni 2026
MC LEWIS MAYONAISE,MC Lewis Mayonaise,food_main,2026-06-04,4875.0,g,4 Juni 2026
MICIN,MICIN,food_main,2026-06-04,1454.0,g,4 Juni 2026
MINYAK GORENG,MINYAK GORENG,food_main,2026-06-04,25000.0,pcs,4 Juni 2026
YELLOW MUSTARD,YELLOW MUSTARD,food_main,2026-06-04,1236.0,g,4 Juni 2026
NUTELLA,NUTELLA,beverage_main,2026-06-04,573.0,g,4 Juni 2026
ONION POWDER,ONION POWDER,food_main,2026-06-04,0.0,g,4 Juni 2026
PALA POWDER,PALA POWDER,food_main,2026-06-04,338.0,g,4 Juni 2026
PAPER BAG MERAH,PAPER BAG MERAH,condiment,2026-06-04,0.0,pcs,4 Juni 2026
PAPER BAG PUTIH,PAPER BAG PUTIH,condiment,2026-06-04,54.0,pcs,4 Juni 2026
TRAY MELAMIN,TRAY MELAMIN,condiment,2026-06-04,0.0,pcs,4 Juni 2026
PAPER WRAP,PAPER WRAP,condiment,2026-06-04,1253.0,pcs,4 Juni 2026
PAPRIKA POWDER,PAPRIKA POWDER,food_main,2026-06-04,1380.0,g,4 Juni 2026
PARMESAN POWDER,PARMESAN POWDER,food_main,2026-06-04,905.0,g,4 Juni 2026
PARSLEY KERING,PARSLEY KERING,food_main,2026-06-04,103.0,g,4 Juni 2026
PEACH BUAH KALENG,PEACH BUAH KALENG,beverage_main,2026-06-04,850.0,g,4 Juni 2026
MONIN PEACH SYRUP,MONIN PEACH SYRUP,beverage_main,2026-06-04,7100.0,ml,4 Juni 2026
PEANUT DRESSING,PEANUT DRESSING,sauce,2026-06-04,626.0,g,4 Juni 2026
PEWARNA KUNING,PEWARNA KUNING,food_main,2026-06-04,1037.0,ml,4 Juni 2026
PICKLES,PICKLES,food_main,2026-06-04,355.0,g,4 Juni 2026
PIRING ENAMEL,PIRING ENAMEL,condiment,2026-06-04,0.0,pcs,4 Juni 2026
PISANG,PISANG,beverage_main,2026-06-04,1100.0,g,4 Juni 2026
PISAU STAINLESS,PISAU STAINLESS,condiment,2026-06-04,0.0,pcs,4 Juni 2026
RAISING CANE,RAISING CANE,sauce,2026-06-04,1226.0,g,4 Juni 2026
ROSEMARY POWDER,ROSEMARY POWDER,food_main,2026-06-04,57.0,g,4 Juni 2026
ROYCO AYAM,ROYCO AYAM,food_main,2026-06-04,451.0,g,4 Juni 2026
RUSSIAN DRESSING,Russian dressing,sauce,2026-06-04,1130.0,g,4 Juni 2026
SABUN CUCI PIRING,SABUN CUCI PIRING,condiment,2026-06-04,13750.0,ml,4 Juni 2026
SALTED CARAMEL SYRUP,SALTED CARAMEL SYRUP,beverage_main,2026-06-04,0.0,ml,4 Juni 2026
SAOS SAMBAL,SAOS SAMBAL,food_main,2026-06-04,980.0,g,4 Juni 2026
SAOS TOMAT,SAOS TOMAT,food_main,2026-06-04,2500.0,g,4 Juni 2026
SEDOTAN KECIL,SEDOTAN KECIL,condiment,2026-06-04,31.0,pcs,4 Juni 2026
SENDOK STAINLESS,SENDOK STAINLESS,condiment,2026-06-04,0.0,pcs,4 Juni 2026
PEANUT BUTTER,PEANUT BUTTER,beverage_main,2026-06-04,350.0,g,4 Juni 2026
SODA CHARGER,SODA CHARGER,beverage_main,2026-06-04,18.0,pcs,4 Juni 2026
SUNFLOWER OIL,SUNFLOWER OIL,food_main,2026-06-04,2759.0,ml,4 Juni 2026
SYRUP HAZELNUT,SYRUP HAZELNUT,food_main,2026-06-04,0.0,ml,4 Juni 2026
TELUR AYAM,TELUR AYAM,food_main,2026-06-04,3073.0,g,4 Juni 2026
TEPUNG CAKRA KEMBAR,TEPUNG CAKRA KEMBAR,food_main,2026-06-04,4560.0,g,4 Juni 2026
TEPUNG SEGITIGA BIRU,TEPUNG SEGITIGA BIRU,food_main,2026-06-04,18405.0,g,4 Juni 2026
TIKKA MASALA,Tikka masala,sauce,2026-06-04,779.0,g,4 Juni 2026
TISSUE HANDTOWEL,TISSUE HANDTOWEL,condiment,2026-06-04,40.0,pcs,4 Juni 2026
TISSUE MAKAN,TISSUE MAKAN,condiment,2026-06-04,39.0,pcs,4 Juni 2026
TISSUE ROLL,TISSUE ROLL,condiment,2026-06-04,4.0,pcs,4 Juni 2026
TOMATO PELLED,Tomato Pelled,food_main,2026-06-04,2500.0,g,4 Juni 2026
TRASH BAG,TRASH BAG,food_main,2026-06-04,1.0,pcs,4 Juni 2026
UNSALTED BUTTER (KG),UNSALTED BUTTER (KG),food_main,2026-06-04,1860.0,g,4 Juni 2026
UNSALTED BUTTER PORTION,UNSALTED BUTTER PORTION,food_main,2026-06-04,84.0,pcs,4 Juni 2026
VANILLA SYRUP,VANILLA SYRUP,food_main,2026-06-04,846.0,ml,4 Juni 2026
COOKING CREAM,COOKING CREAM,food_main,2026-06-04,3500.0,ml,4 Juni 2026
WIJEN,WIJEN,beverage_main,2026-06-04,182.0,g,4 Juni 2026
SRIRACHA SAOS,Sriracha saos,food_main,2026-06-04,195.0,g,4 Juni 2026
HANDGLOVES PLASTIK,Handgloves plastik,condiment,2026-06-04,0.0,pcs,4 Juni 2026
SAUS SACHET SAMBAL,Saus sachet sambal,food_main,2026-06-04,136.0,pcs,4 Juni 2026
CRUMBLE LOTUS,Crumble lotus,beverage_main,2026-06-04,0.0,g,4 Juni 2026
KUBIS PUTIH,Kubis Putih,beverage_main,2026-06-04,1595.0,g,4 Juni 2026
KUBIS UNGU,Kubis Ungu,beverage_main,2026-06-04,3800.0,g,4 Juni 2026
KERTAS NASI,Kertas Nasi,condiment,2026-06-04,5055.0,pcs,4 Juni 2026
ACAR ONION,Acar Onion,sauce,2026-06-04,0.0,g,4 Juni 2026
ALAS KERTAS TRAY,Alas kertas tray,condiment,2026-06-04,9.0,pcs,4 Juni 2026
PEWARNA MERAH,Pewarna merah,beverage_main,2026-06-04,0.0,ml,4 Juni 2026
DR PEPPER ORIGINAL,Dr Pepper Original,beverage_main,2026-06-04,30.0,pcs,4 Juni 2026
DR PEPPER STRAWBERRY CREAM,Dr Pepper Strawberry cream,beverage_main,2026-06-04,0.0,pcs,4 Juni 2026
SPORK HITAM,Spork hitam,condiment,2026-06-04,180.0,pcs,4 Juni 2026
SAUCE MAC & CHEESE,Sauce Mac & Cheese,sauce,2026-06-04,1076.0,g,4 Juni 2026
ITALIAN HERBS,Italian Herbs,food_main,2026-06-04,98.0,g,4 Juni 2026
CHILI FLAKE,Chili Flake,food_main,2026-06-04,238.0,g,4 Juni 2026
UNCLE MASALA,UNCLE MASALA,other,2026-06-04,0.0,pcs,4 Juni 2026
MIE,Mie,food_main,2026-06-04,11.0,pcs,4 Juni 2026
SANTAN / KRIM KELAPA KARA,Santan / krim kelapa kara,food_main,2026-06-04,1000.0,ml,4 Juni 2026
RUMPUT LAUT,Rumput laut,food_main,2026-06-04,92.0,g,4 Juni 2026
KAPULAGA,Kapulaga,food_main,2026-06-04,38.0,g,4 Juni 2026
LADA SZECHUAN,Lada szechuan,food_main,2026-06-04,29.0,g,4 Juni 2026
TERASI UDANG,Terasi udang,food_main,2026-06-04,78.0,g,4 Juni 2026
MOZZARELLA,Mozzarella,food_main,2026-06-04,3501.0,g,4 Juni 2026
CEKER AYAM,Ceker Ayam,food_main,2026-06-04,1125.0,g,4 Juni 2026
PARSLEY FRESH,Parsley Fresh,food_main,2026-06-04,250.0,g,4 Juni 2026
WORTEL,Wortel,food_main,2026-06-04,465.0,g,4 Juni 2026
SUMPIT KAYU,Sumpit Kayu,condiment,2026-06-04,77.0,pcs,4 Juni 2026
CENGKEH,Cengkeh,food_main,2026-06-04,25.0,g,4 Juni 2026
SEREH,Sereh,food_main,2026-06-04,118.0,g,4 Juni 2026
DAUN SALAM,Daun salam,food_main,2026-06-04,135.0,g,4 Juni 2026
TELUR OMEGA,Telur omega,food_main,2026-06-04,10.0,pcs,4 Juni 2026
OREGANO,Oregano,food_main,2026-06-04,474.0,g,4 Juni 2026
CUP 150 ML,Cup 150 ml,condiment,2026-06-04,59.0,pcs,4 Juni 2026
TUTUP BOWL,Tutup bowl,condiment,2026-06-04,27.0,pcs,4 Juni 2026
BOWL KERTAS,Bowl Kertas,condiment,2026-06-04,27.0,pcs,4 Juni 2026
ISIAN ROTI CHINA ORI,Isian roti china ori,food_main,2026-06-04,389.0,g,4 Juni 2026
ISIAN ROTI CHINA SZECHUAN,Isian roti China szechuan,food_main,2026-06-04,337.0,g,4 Juni 2026
ADONAN ROTI CHINA,Adonan roti China,food_main,2026-06-04,7.0,pcs,4 Juni 2026
CHILI OIL,Chili oil,food_main,2026-06-04,466.0,g,4 Juni 2026
KUAH CURRY,Kuah curry,food_main,2026-06-04,683.0,ml,4 Juni 2026
KALDU AYAM,Kaldu ayam,food_main,2026-06-04,0.0,ml,4 Juni 2026
BAWANG MERAH,Bawang Merah,food_main,2026-06-04,165.0,g,4 Juni 2026
DAUN KUCAI,Daun kucai,food_main,2026-06-04,380.0,g,4 Juni 2026
DAUN BAWANG,Daun bawang,food_main,2026-06-04,440.0,g,4 Juni 2026
SLEEVE ROTI CHINA,Sleeve Roti China,condiment,2026-06-04,45.0,pcs,4 Juni 2026
MINYAK WIJEN,Minyak Wijen,food_main,2026-06-04,317.0,ml,4 Juni 2026
SAUS TIRAM,Saus Tiram,food_main,2026-06-04,520.0,ml,4 Juni 2026
SOY SUCE,Soy Suce,food_main,2026-06-04,175.0,ml,4 Juni 2026
DAUN JERUK,Daun jeruk,food_main,2026-06-04,0.0,g,4 Juni 2026
LAJU KOPI,LAJU KOPI,other,2026-06-04,0.0,pcs,4 Juni 2026
BEANS HOT,Beans hot,beverage_main,2026-06-04,664.0,g,4 Juni 2026
BEANS ICE,Beans ice,beverage_main,2026-06-04,517.0,g,4 Juni 2026
SIRUP ALPEN,Sirup Alpen,beverage_main,2026-06-04,220.0,ml,4 Juni 2026
NIRA,Nira,beverage_main,2026-06-04,0.0,ml,4 Juni 2026
CREAMER BUBUK,Creamer bubuk,beverage_main,2026-06-04,2500.0,g,4 Juni 2026
CREAMER CAIR,Creamer cair,beverage_main,2026-06-04,0.0,ml,4 Juni 2026
UHT,UHT,beverage_main,2026-06-04,0.0,ml,4 Juni 2026
LEMON,Lemon,beverage_main,2026-06-04,0.0,g,4 Juni 2026
TARO POWDER,Taro powder,beverage_main,2026-06-04,475.0,g,4 Juni 2026
KEJU POWDER,Keju powder,beverage_main,2026-06-04,178.0,g,4 Juni 2026
CUP LAJU,Cup laju,condiment,2026-06-04,59.0,pcs,4 Juni 2026
SEAL CUP,Seal cup,condiment,2026-06-04,1.0,pcs,4 Juni 2026
SKM,SKM,beverage_main,2026-06-04,1454.0,g,4 Juni 2026
SEDOTAN,Sedotan,condiment,2026-06-04,0.0,pcs,4 Juni 2026
LIME POWDER,Lime Powder,beverage_main,2026-06-04,800.0,g,4 Juni 2026
MADU BOTOL,Madu botol,beverage_main,2026-06-04,808.0,g,4 Juni 2026
MINERAL WATER 600ML,MINERAL WATER 600ML,beverage_main,2026-07-02,171.0,pcs,2 Juli 2026
ADONAN WAFFLE,ADONAN WAFFLE,food_main,2026-07-02,1832.0,g,2 Juli 2026
APPLE SYRUP MONIN,Apple Syrup Monin,beverage_main,2026-07-02,3650.0,ml,2 Juli 2026
APPLE TEA SODA,Apple tea soda,beverage_main,2026-07-02,4500.0,ml,2 Juli 2026
AW 250 ML,AW 250 ML,beverage_main,2026-07-02,18.0,pcs,2 Juli 2026
BORA 250ML,BORA 250ml,beverage_main,2026-07-02,59.0,pcs,2 Juli 2026
BAKING POWDER HERCULES,BAKING POWDER HERCULES,food_main,2026-07-02,1000.0,g,2 Juli 2026
BAKING POWDER KOEPOE,BAKING POWDER KOEPOE,food_main,2026-07-02,252.0,g,2 Juli 2026
BAKING SODA KOEPOE,Baking Soda Koepoe,food_main,2026-07-02,1216.0,g,2 Juli 2026
BAWANG BOMBAY,BAWANG BOMBAY,food_main,2026-07-02,1111.0,g,2 Juli 2026
BAWANG BOMBAY MERAH,BAWANG BOMBAY MERAH,beverage_main,2026-07-02,0.0,g,2 Juli 2026
BAYLEAF,BAYLEAF,food_main,2026-07-02,0.0,g,2 Juli 2026
BERAS,BERAS,beverage_main,2026-07-02,4000.0,g,2 Juli 2026
BLACK PAPER POWDER,BLACK PAPER POWDER,food_main,2026-07-02,1411.0,g,2 Juli 2026
BLACK TEA,BLACK TEA,beverage_main,2026-07-02,934.0,g,2 Juli 2026
BOX CHICKEN WAFFLE (L),BOX CHICKEN WAFFLE (L),condiment,2026-07-02,543.0,pcs,2 Juli 2026
BOX SANDWHICH (M),BOX SANDWHICH (M),condiment,2026-07-02,720.0,pcs,2 Juli 2026
BOX NASI,BOX NASI,condiment,2026-07-02,150.0,pcs,2 Juli 2026
BROWN SUGAR,Brown Sugar,food_main,2026-07-02,1330.0,g,2 Juli 2026
BUMBU NASHVILLE KERING,BUMBU NASHVILLE KERING,beverage_main,2026-07-02,1585.0,g,2 Juli 2026
BUMBU TEPUNG AYAM,BUMBU TEPUNG AYAM,beverage_main,2026-07-02,1442.0,g,2 Juli 2026
BURGER BUN,BURGER BUN,food_main,2026-07-02,2.0,pcs,2 Juli 2026
CABAI TEROPONG HIJAU,CABAI TEROPONG HIJAU,food_main,2026-07-02,0.0,g,2 Juli 2026
CABAI RAWIT,CABAI RAWIT,food_main,2026-07-02,239.0,g,2 Juli 2026
CARAMEL SAUCE,CARAMEL SAUCE,beverage_main,2026-07-02,1633.0,ml,2 Juli 2026
CAYENNE POWDER,CAYENNE POWDER,food_main,2026-07-02,1302.0,g,2 Juli 2026
CHEDDAR BLOCK,CHEDDAR BLOCK,food_main,2026-07-02,0.0,g,2 Juli 2026
CHILLI POWDER YUTAKACHI,CHILLI POWDER YUTAKACHI,food_main,2026-07-02,0.0,g,2 Juli 2026
CHIPOTLE KALENG,Chipotle kaleng,food_main,2026-07-02,2744.0,g,2 Juli 2026
CHIPOTLE DRESSING,Chipotle dressing,sauce,2026-07-02,637.0,g,2 Juli 2026
COKLAT POWDER,COKLAT POWDER,food_main,2026-07-02,650.0,g,2 Juli 2026
COLA 250 ML,COLA 250 ML,beverage_main,2026-07-02,45.0,pcs,2 Juli 2026
COLATTA CHOCOCHIPS,COLATTA CHOCOCHIPS,food_main,2026-07-02,104.0,g,2 Juli 2026
COLESLAW,COLESLAW,beverage_main,2026-07-02,247.0,g,2 Juli 2026
CUKA,CUKA,food_main,2026-07-02,2409.0,pcs,2 Juli 2026
CUP 14 OZ,CUP 14 OZ,condiment,2026-07-02,1691.0,pcs,2 Juli 2026
CUP ICE CREAM LAR,CUP ICE CREAM Lar,condiment,2026-07-02,929.0,pcs,2 Juli 2026
CUP SAOS PLASTIK 35 ML,CUP SAOS PLASTIK 35 ML,condiment,2026-07-02,380.0,pcs,2 Juli 2026
CUP SAOS PLASTIK 60 ML,CUP SAOS PLASTIK 60 ML,condiment,2026-07-02,36.0,pcs,2 Juli 2026
CUP SAOS STAINLESS,CUP SAOS STAINLESS,condiment,2026-07-02,0.0,pcs,2 Juli 2026
CURRY HIJAU,CURRY HIJAU,sauce,2026-07-02,1416.0,g,2 Juli 2026
DADA AYAM MARINASI,DADA AYAM MARINASI,food_main,2026-07-02,32845.0,g,2 Juli 2026
DAUN KETUMBAR,Daun Ketumbar,food_main,2026-07-02,0.0,g,2 Juli 2026
DELIVERY BAG IDOLA 15,DELIVERY BAG IDOLA 15,condiment,2026-07-02,100.0,pcs,2 Juli 2026
DELIVERY BAG IDOLA 30,DELIVERY BAG IDOLA 30,condiment,2026-07-02,100.0,pcs,2 Juli 2026
DELIVERY BAG IDOLA 24,DELIVERY BAG IDOLA 24,condiment,2026-07-02,100.0,pcs,2 Juli 2026
DELIVERY BAG PARTY 20,DELIVERY BAG PARTY 20,condiment,2026-07-02,0.0,pcs,2 Juli 2026
DELIVERY BAG PARTY 28,DELIVERY BAG PARTY 28,condiment,2026-07-02,150.0,pcs,2 Juli 2026
ICE CREAM VANILLA,ICE CREAM VANILLA,beverage_main,2026-07-02,7500.0,ml,2 Juli 2026
DIAMOND UHT,DIAMOND UHT,food_main,2026-07-02,2654.0,pcs,2 Juli 2026
DIAMOND UHT COKLAT,DIAMOND UHT COKLAT,food_main,2026-07-02,4000.0,ml,2 Juli 2026
EMAKU KOREAN SPICY,EMAKU KOREAN SPICY,food_main,2026-07-02,0.0,g,2 Juli 2026
ES BATU,Es Batu,beverage_main,2026-07-02,12000.0,g,2 Juli 2026
FF CRISSCUT,FF CRISSCUT,food_main,2026-07-02,21170.0,g,2 Juli 2026
FF STRAIGH CUT,FF STRAIGH CUT,food_main,2026-07-02,9210.0,g,2 Juli 2026
FLOOR CLEANER,FLOOR CLEANER,condiment,2026-07-02,1300.0,ml,2 Juli 2026
GALON,GALON,beverage_main,2026-07-02,36000.0,ml,2 Juli 2026
GARAM,GARAM,food_main,2026-07-02,3028.0,g,2 Juli 2026
GARAM MASALA,Garam Masala,food_main,2026-07-02,270.0,g,2 Juli 2026
GARLIC POWDER,GARLIC POWDER,food_main,2026-07-02,1529.0,g,2 Juli 2026
GARPU STAINLESS,GARPU STAINLESS,condiment,2026-07-02,0.0,pcs,2 Juli 2026
GAS 50 KG,GAS 50 KG,condiment,2026-07-02,2.0,pcs,2 Juli 2026
GINGER POWDER,GINGER POWDER,food_main,2026-07-02,303.0,g,2 Juli 2026
GLASS CLEANER,GLASS CLEANER,condiment,2026-07-02,637.0,ml,2 Juli 2026
GULA CAIR,GULA CAIR,food_main,2026-07-02,6420.0,g,2 Juli 2026
GULA PASIR,GULA PASIR,food_main,2026-07-02,474.0,g,2 Juli 2026
HAND SOAP,HAND SOAP,condiment,2026-07-02,4662.0,ml,2 Juli 2026
JINTEN POWDER,JINTEN POWDER,food_main,2026-07-02,1000.0,g,2 Juli 2026
KECAP INGGRIS,KECAP INGGRIS,food_main,2026-07-02,331.0,g,2 Juli 2026
KEJU SLICE,KEJU SLICE,food_main,2026-07-02,31.0,pcs,2 Juli 2026
KETUMBAR POWDER,KETUMBAR POWDER,food_main,2026-07-02,451.0,g,2 Juli 2026
KNORR BEEF POWDER,KNORR BEEF POWDER,food_main,2026-07-02,891.0,g,2 Juli 2026
KNORR CHEESE,Knorr cheese,food_main,2026-07-02,371.0,g,2 Juli 2026
KUNYIT POWDER,Kunyit Powder,food_main,2026-07-02,380.0,g,2 Juli 2026
LAROME VANILLA POWDER,LAROME VANILLA POWDER,food_main,2026-07-02,1000.0,g,2 Juli 2026
LEMON,Lemon,food_main,2026-07-02,1616.0,g,2 Juli 2026
LETTUCE,LETTUCE,food_main,2026-07-02,167.0,g,2 Juli 2026
LID CUP 14 OZ,LID CUP 14 OZ,condiment,2026-07-02,514.0,pcs,2 Juli 2026
LID ICE CREAM LAR,LID ICE CREAM Lar,condiment,2026-07-02,1691.0,pcs,2 Juli 2026
LOTUS BISCOFF,LOTUS BISCOFF,beverage_main,2026-07-02,1850.0,g,2 Juli 2026
MADU,MADU,food_main,2026-07-02,0.0,g,2 Juli 2026
MAIZENA,MAIZENA,food_main,2026-07-02,6807.0,g,2 Juli 2026
MAKARONI,MAKARONI,food_main,2026-07-02,3806.0,g,2 Juli 2026
MANGKOK ENAMEL,MANGKOK ENAMEL,condiment,2026-07-02,0.0,pcs,2 Juli 2026
MAPPLE SYRUP,MAPPLE SYRUP,food_main,2026-07-02,15556.0,ml,2 Juli 2026
MARINASI BUTTERMILK,MARINASI BUTTERMILK,marinade,2026-07-02,0.0,g,2 Juli 2026
MC LEWIS MAYONAISE,MC Lewis Mayonaise,food_main,2026-07-02,2464.0,g,2 Juli 2026
MICIN,MICIN,food_main,2026-07-02,730.0,g,2 Juli 2026
MINYAK GORENG,MINYAK GORENG,food_main,2026-07-02,37000.0,pcs,2 Juli 2026
NUTELLA,NUTELLA,beverage_main,2026-07-02,1500.0,g,2 Juli 2026
ONION POWDER,ONION POWDER,food_main,2026-07-02,727.0,g,2 Juli 2026
PALA POWDER,PALA POWDER,food_main,2026-07-02,345.0,g,2 Juli 2026
PAPER BAG MERAH,PAPER BAG MERAH,condiment,2026-07-02,2070.0,pcs,2 Juli 2026
PAPER BAG PUTIH,PAPER BAG PUTIH,condiment,2026-07-02,2160.0,pcs,2 Juli 2026
TRAY MELAMIN,TRAY MELAMIN,condiment,2026-07-02,0.0,pcs,2 Juli 2026
PAPER WRAP,PAPER WRAP,condiment,2026-07-02,11.0,pcs,2 Juli 2026
PAPRIKA POWDER,PAPRIKA POWDER,food_main,2026-07-02,1496.0,g,2 Juli 2026
PARMESAN POWDER,PARMESAN POWDER,food_main,2026-07-02,0.0,g,2 Juli 2026
PARSLEY KERING,PARSLEY KERING,food_main,2026-07-02,118.0,g,2 Juli 2026
PEACH BUAH KALENG,PEACH BUAH KALENG,beverage_main,2026-07-02,1930.0,g,2 Juli 2026
MONIN PEACH SYRUP,MONIN PEACH SYRUP,beverage_main,2026-07-02,1600.0,ml,2 Juli 2026
PEWARNA KUNING,PEWARNA KUNING,food_main,2026-07-02,904.0,ml,2 Juli 2026
PICKLES,PICKLES,food_main,2026-07-02,2160.0,g,2 Juli 2026
PIRING ENAMEL,PIRING ENAMEL,condiment,2026-07-02,0.0,pcs,2 Juli 2026
PISANG,PISANG,beverage_main,2026-07-02,16.0,pcs,2 Juli 2026
PISAU STAINLESS,PISAU STAINLESS,condiment,2026-07-02,0.0,pcs,2 Juli 2026
ROSEMARY POWDER,ROSEMARY POWDER,food_main,2026-07-02,0.0,g,2 Juli 2026
ROYCO AYAM,ROYCO AYAM,food_main,2026-07-02,1419.0,g,2 Juli 2026
RUSSIAN DRESSING,Russian dressing,sauce,2026-07-02,760.0,g,2 Juli 2026
SABUN CUCI PIRING,SABUN CUCI PIRING,condiment,2026-07-02,448.0,ml,2 Juli 2026
SALTED CARAMEL SYRUP,SALTED CARAMEL SYRUP,beverage_main,2026-07-02,490.0,ml,2 Juli 2026
SAOS SAMBAL,SAOS SAMBAL,food_main,2026-07-02,11100.0,g,2 Juli 2026
SAOS TOMAT,SAOS TOMAT,food_main,2026-07-02,12875.0,g,2 Juli 2026
SEDOTAN KECIL,SEDOTAN KECIL,condiment,2026-07-02,684.0,pcs,2 Juli 2026
SENDOK STAINLESS,SENDOK STAINLESS,condiment,2026-07-02,0.0,pcs,2 Juli 2026
PEANUT BUTTER,PEANUT BUTTER,beverage_main,2026-07-02,400.0,g,2 Juli 2026
SODA CHARGER,SODA CHARGER,beverage_main,2026-07-02,20.0,pcs,2 Juli 2026
SUNFLOWER OIL,SUNFLOWER OIL,food_main,2026-07-02,376.0,ml,2 Juli 2026
SYRUP HAZELNUT,SYRUP HAZELNUT,food_main,2026-07-02,86.0,ml,2 Juli 2026
TELUR AYAM,TELUR AYAM,food_main,2026-07-02,10914.0,g,2 Juli 2026
TEPUNG CAKRA KEMBAR,TEPUNG CAKRA KEMBAR,food_main,2026-07-02,11295.0,g,2 Juli 2026
TEPUNG SEGITIGA BIRU,TEPUNG SEGITIGA BIRU,food_main,2026-07-02,3000.0,g,2 Juli 2026
TIKKA MASALA,Tikka masala,sauce,2026-07-02,4830.0,g,2 Juli 2026
TISSUE HANDTOWEL,TISSUE HANDTOWEL,condiment,2026-07-02,60.0,pcs,2 Juli 2026
TISSUE MAKAN,TISSUE MAKAN,condiment,2026-07-02,41.0,pcs,2 Juli 2026
TISSUE ROLL,TISSUE ROLL,condiment,2026-07-02,1000.0,pcs,2 Juli 2026
TOMATO PELLED,Tomato Pelled,food_main,2026-07-02,5000.0,g,2 Juli 2026
TRASH BAG,TRASH BAG,food_main,2026-07-02,3.0,pcs,2 Juli 2026
UNSALTED BUTTER (KG),UNSALTED BUTTER (KG),food_main,2026-07-02,875.0,g,2 Juli 2026
UNSALTED BUTTER PORTION,UNSALTED BUTTER PORTION,food_main,2026-07-02,102.0,pcs,2 Juli 2026
VANILLA SYRUP,VANILLA SYRUP,food_main,2026-07-02,150.0,ml,2 Juli 2026
COOKING CREAM,COOKING CREAM,food_main,2026-07-02,1396.0,ml,2 Juli 2026
WIJEN,WIJEN,beverage_main,2026-07-02,0.0,g,2 Juli 2026
HANDGLOVES PLASTIK,Handgloves plastik,condiment,2026-07-02,40.0,pcs,2 Juli 2026
SAUS SACHET SAMBAL,Saus sachet sambal,food_main,2026-07-02,200.0,pcs,2 Juli 2026
CRUMBLE LOTUS,Crumble lotus,beverage_main,2026-07-02,0.0,g,2 Juli 2026
KUBIS PUTIH,Kubis Putih,beverage_main,2026-07-02,1533.0,g,2 Juli 2026
KUBIS UNGU,Kubis Ungu,beverage_main,2026-07-02,1517.0,g,2 Juli 2026
KERTAS NASI,Kertas Nasi,condiment,2026-07-02,5000.0,pcs,2 Juli 2026
ACAR ONION,Acar Onion,sauce,2026-07-02,0.0,g,2 Juli 2026
ALAS KERTAS TRAY,Alas kertas tray,condiment,2026-07-02,319.0,pcs,2 Juli 2026
PEWARNA MERAH,Pewarna merah,beverage_main,2026-07-02,0.0,ml,2 Juli 2026
DR PEPPER ORIGINAL,Dr Pepper Original,beverage_main,2026-07-02,2.0,pcs,2 Juli 2026
DR PEPPER STRAWBERRY CREAM,Dr Pepper Strawberry cream,beverage_main,2026-07-02,0.0,pcs,2 Juli 2026
SPORK HITAM,Spork hitam,condiment,2026-07-02,225.0,pcs,2 Juli 2026
SAUCE MAC & CHEESE,Sauce Mac & Cheese,sauce,2026-07-02,2126.0,g,2 Juli 2026
ALAS KERTAS PUTIH BESAR,Alas kertas putih besar,condiment,2026-07-02,1534.0,pcs,2 Juli 2026
CHILI FLAKE,Chili Flake,food_main,2026-07-02,0.0,g,2 Juli 2026
UNCLE MASALA,UNCLE MASALA,other,2026-07-02,0.0,pcs,2 Juli 2026
MIE,Mie,food_main,2026-07-02,10.0,pcs,2 Juli 2026
SANTAN / KRIM KELAPA KARA,Santan / krim kelapa kara,food_main,2026-07-02,600.0,ml,2 Juli 2026
RUMPUT LAUT,Rumput laut,food_main,2026-07-02,185.0,g,2 Juli 2026
KAPULAGA,Kapulaga,food_main,2026-07-02,16.0,g,2 Juli 2026
LADA SZECHUAN,Lada szechuan,food_main,2026-07-02,69.0,g,2 Juli 2026
TERASI UDANG,Terasi udang,food_main,2026-07-02,57.0,g,2 Juli 2026
MOZZARELLA,Mozzarella,food_main,2026-07-02,2060.0,g,2 Juli 2026
CEKER AYAM,Ceker Ayam,food_main,2026-07-02,2410.0,g,2 Juli 2026
PARSLEY FRESH,Parsley Fresh,food_main,2026-07-02,154.0,g,2 Juli 2026
WORTEL,Wortel,food_main,2026-07-02,489.0,g,2 Juli 2026
SUMPIT KAYU,Sumpit Kayu,condiment,2026-07-02,101.0,pcs,2 Juli 2026
CENGKEH,Cengkeh,food_main,2026-07-02,30.0,g,2 Juli 2026
SEREH,Sereh,food_main,2026-07-02,207.0,g,2 Juli 2026
DAUN SALAM,Daun salam,food_main,2026-07-02,259.0,g,2 Juli 2026
TELUR OMEGA,Telur omega,food_main,2026-07-02,26.0,pcs,2 Juli 2026
OREGANO,Oregano,food_main,2026-07-02,447.0,g,2 Juli 2026
CUP 150 ML,Cup 150 ml,condiment,2026-07-02,157.0,pcs,2 Juli 2026
TUTUP BOWL,Tutup bowl,condiment,2026-07-02,97.0,pcs,2 Juli 2026
BOWL KERTAS,Bowl Kertas,condiment,2026-07-02,93.0,pcs,2 Juli 2026
ISIAN ROTI CHINA ORI,Isian roti china ori,food_main,2026-07-02,564.0,g,2 Juli 2026
ISIAN ROTI CHINA SZECHUAN,Isian roti China szechuan,food_main,2026-07-02,123.0,g,2 Juli 2026
ADONAN ROTI CHINA,Adonan roti China,food_main,2026-07-02,16.0,pcs,2 Juli 2026
CHILI OIL,Chili oil,food_main,2026-07-02,561.0,g,2 Juli 2026
KUAH CURRY,Kuah curry,food_main,2026-07-02,792.0,ml,2 Juli 2026
KALDU AYAM,Kaldu ayam,food_main,2026-07-02,0.0,ml,2 Juli 2026
BAWANG MERAH,Bawang Merah,food_main,2026-07-02,0.0,g,2 Juli 2026
DAUN KUCAI,Daun kucai,food_main,2026-07-02,413.0,g,2 Juli 2026
DAUN BAWANG,Daun bawang,food_main,2026-07-02,219.0,g,2 Juli 2026
SLEEVE ROTI CHINA,Sleeve Roti China,condiment,2026-07-02,884.0,pcs,2 Juli 2026
MINYAK WIJEN,Minyak Wijen,food_main,2026-07-02,207.0,ml,2 Juli 2026
SAUS TIRAM,Saus Tiram,food_main,2026-07-02,248.0,ml,2 Juli 2026
SOY SUCE,Soy Suce,food_main,2026-07-02,427.0,ml,2 Juli 2026
DAUN JERUK,Daun jeruk,food_main,2026-07-02,206.0,g,2 Juli 2026
BAWANG PUTIH,Bawang putih,food_main,2026-07-02,328.0,g,2 Juli 2026
JELLY POWDER,Jelly powder,food_main,2026-07-02,38.0,g,2 Juli 2026
SENDOK GARPU PLASTIK,Sendok garpu plastik,condiment,2026-07-02,150.0,pcs,2 Juli 2026
LAJU KOPI,LAJU KOPI,other,2026-07-02,0.0,pcs,2 Juli 2026
BEANS HOT,Beans hot,beverage_main,2026-07-02,601.0,g,2 Juli 2026
BEANS ICE,Beans ice,beverage_main,2026-07-02,191.0,g,2 Juli 2026
SIRUP ALPEN,Sirup Alpen,beverage_main,2026-07-02,475.0,ml,2 Juli 2026
NIRA,Nira,beverage_main,2026-07-02,533.0,ml,2 Juli 2026
CREAMER BUBUK,Creamer bubuk,beverage_main,2026-07-02,1000.0,g,2 Juli 2026
CREAMER CAIR,Creamer cair,beverage_main,2026-07-02,360.0,ml,2 Juli 2026
UHT,UHT,beverage_main,2026-07-02,0.0,ml,2 Juli 2026
LEMON,Lemon,beverage_main,2026-07-02,278.0,g,2 Juli 2026
TARO POWDER,Taro powder,beverage_main,2026-07-02,700.0,g,2 Juli 2026
KEJU POWDER,Keju powder,beverage_main,2026-07-02,300.0,g,2 Juli 2026
CUP LAJU,Cup laju,condiment,2026-07-02,60.0,pcs,2 Juli 2026
SEAL CUP,Seal cup,condiment,2026-07-02,1.0,pcs,2 Juli 2026
SKM,SKM,beverage_main,2026-07-02,568.0,g,2 Juli 2026
SEDOTAN,Sedotan,condiment,2026-07-02,0.0,pcs,2 Juli 2026
LIME POWDER,Lime Powder,beverage_main,2026-07-02,724.0,g,2 Juli 2026
MADU BOTOL,Madu botol,beverage_main,2026-07-02,2204.0,g,2 Juli 2026
